sdg,1,,,,
basic,services,,,,
developing,countries,,,,
economic,resources,,,,
financial,inclusion,,,,
income,equality,,,,
poverty,eradication,,,,
poverty,line,,,,
quality,of,life,,,
social,protection,,,,
third,world,,,,
wealth,distribution,,,,
sdg,2,,,,
agricultural,orientation,index,,,
agricultural,productivity,,,,
crop,diversity,,,,
doha,development,round,,,
end,hunger,,,,
food,gap,,,,
food,production,,,,
food,reserves,,,,
food,security,,,,
genetic,diversity,,,,
genetic,diversity,of,seeds,,
hungry,people,,,,
improved,nutrition,,,,
innovations,and,health,,,
nutritional,needs,,,,
quality,of,life,,,
resilient,agriculture,,,,
rural,infrastructure,,,,
small-scale,food,producers,,,
stunted,growth,,,,
sufficient,food,,,,
sustainable,agriculture,,,,
sustainable,food,production,,,
trade,diversity,,,,
trade,restrictions,,,,
under,nourished,,,,
world��s,hungry,,,,
sdg,3,,,,
access,to,clean,water,,
air,contamination,,,,
air,pollution,,,,
alcohol,abuse,,,,
antenatal,care,,,,
antiretroviral,therapy,,,,
bodily,autonomy,,,,
child,deaths,,,,
contraceptive,use,,,,
death,rate,,,,
disability,and,family,support,,
disability,and,inclusion,,,
family,planning,,,,
health,in,resource-constrained,settings,,
health,worker,density,,,
healthy,lives,,,,
improving,mortality,,,,
increasing,life,expectancy,,,
international,health,policy,,,
international,health,regulations,,,
maternal,mortality,,,,
mortality,rate,,,,
narcotic,drug,abuse,,,
neonatal,mortality,,,,
premature,mortality,,,,
preventable,deaths,,,,
reducing,malaria,,,,
reducing,mortality,,,,
refugees,and,health,services,,
reproductive,health,,,,
road,traffic,accidents,,,
sexual,and,reproductive,health-care,,
sexual,health,,,,
soil,contamination,,,,
soil,pollution,,,,
tobacco,control,,,,
treatment,of,substance,abuse,,
universal,health,,,,
universal,health,coverage,,,
vaccines,in,developing,countries,,
water-borne,disease,,,,
world,health,organisation,,,
sdg,4,,,,
access,to,education,,,
basic,education,,,,
basic,literacy,,,,
basic,literacy,skills,,,
cultural,diversity,,,,
disability,and,education,,,
early,childhood,,,,
early,childhood,development,,,
education,for,sustainability,,,
education,in,developing,,,
equal,access,,,,
equal,education,,,,
equitable,education,,,,
gender,disparities,in,education,,
gender,disparity,,,,
gender,equality,,,,
gender,equity,,,,
gender,sensitive,,,,
global,citizenship,,,,
global,education,,,,
inclusion,and,education,,,
international,cooperation,,,,
learning,opportunities,,,,
lifelong,learning,,,,
literacy,skills,,,,
preprimary,education,,,,
primary,education,,,,
qualified,teachers,,,,
refugees,and,learning,,,
school,enrolment,,,,
secondary,education,,,,
teacher,training,,,,
universal,education,,,,
vocational,training,,,,
women's,rights,,,,
sdg,5,,,,
basic,living,standards,,,
women's,empowerment,,,,
equal,access,,,,
equal,opportunities,,,,
female,genital,mutilation,,,
forced,marriage,,,,
gender,discrimination,,,,
gender,equality,,,,
governance,and,gender,,,
human,right,,,,
human,trafficking,,,,
sexual,and,reproductive,health,,
sexual,exploitation,,,,
sexual,violence,,,,
social,inclusion,,,,
universal,health,coverage,,,
violence,against,girls,,,
violence,against,women,,,
women,in,work,,,
women's,rights,,,,
workplace,equality,,,,
sdg,6,,,,
accessible,water,,,,
affordable,drinking,water,,,
clean,water,,,,
diarrhoeal,diseases,,,,
ecosystem,protection,,,,
ecosystem,restoration,,,,
equitable,sanitation,,,,
fresh,water,,,,
improving,water,,,,
inadequate,water,,,,
inadequate,water,supply,,,
open,defecation,,,,
recycled,water,,,,
river,basins,,,,
safe,drinking,water,,,
sanitation,and,hygiene,,,
sanitation,management,,,,
sustainable,water,management,,,
sustainable,withdrawals,,,,
third,world,,,,
untreated,wastewater,,,,
wastewater,treatment,,,,
water,access,,,,
water,disasters,,,,
water,ecosystems,,,,
water,efficiency,,,,
water,harvesting,,,,
water,quality,,,,
water,resources,management,,,
water,scarcity,,,,
water,supply,,,,
water-related,ecosystems,,,,
water-use,efficiency,,,,
sdg,7,,,,
affordable,energy,,,,
alternative,energy,,,,
animal,waste,,,,
clean,energy,,,,
clean,energy,technology,,,
clean,fuel,technology,,,
clean,fuels,,,,
cleaner,fossil,fuel,technology,,
climate,goal,,,,
electricity,infrastructure,,,,
energy,efficiency,,,,
energy,infrastructure,,,,
energy,research,,,,
energy,technology,,,,
green,economy,,,,
greenhouse,gas,,,,
greenhouse,gas,emissions,,,
low,carbon,,,,
modern,electricity,,,,
modern,energy,,,,
reliable,energy,,,,
renewable,energy,,,,
renewable,power,,,,
solar,energy,,,,
solar,power,,,,
sustainable,energy,,,,
sustainable,energy,services,,,
sustainable,power,,,,
wind,power,,,,
wind,turbine,,,,
sdg,8,,,,
aid,for,trade,,,
child,labour,,,,
child,soldiers,,,,
creativity,and,innovation,,,
decent,work,,,,
decent,work,for,all,,
development,oriented,policy,,,
economic,growth,,,,
economic,productivity,,,,
entrepreneurship,,,,,
equal,pay,,,,
financial,services,,,,
forced,labour,,,,
gdp,growth,,,,
global,resource,efficiency,,,
global,trade,,,,
gross,domestic,product,growth,,
human,trafficking,,,,
inclusive,economic,growth,,,
job,creation,,,,
labour,market,,,,
labour,rights,,,,
micro,finance,,,,
migrant,workers,,,,
modern,slavery,,,,
poverty,eradication,,,,
poverty,line,,,,
productive,employment,,,,
public,policy,,,,
quality,jobs,,,,
quality,of,life,,,
resource,efficiency,,,,
safe,work,,,,
secure,work,,,,
social,policies,,,,
stable,employment,,,,
stable,jobs,,,,
sustainable,consumption,,,,
sustainable,economic,growth,,,
sustainable,production,,,,
sustainable,tourism,,,,
unemployment,,,,,
well-paid,jobs,,,,
women,migrants,,,,
work,opportunities,,,,
world,trade,,,,
youth,employment,,,,
youth,unemployment,,,,
sdg,9,,,,
access,to,the,internet,,
affordable,access,,,,
affordable,credit,,,,
clean,technologies,,,,
data,banks,,,,
economic,development,,,,
electrical,power,,,,
environmentally,sound,technologies,,,
financial,services,,,,
ict,infrastructure,,,,
industrial,diversification,,,,
information,and,communication,technology,,
internet,access,,,,
knowledge,in,education,for,,
mobile,networks,in,developing,,
national,security,,,,
network,infrastructure,,,,
phone,service,,,,
public,policy,,,,
quality,of,life,,,
regional,infrastructure,,,,
resilient,infrastructure,,,,
resource,use,efficiency,,,
scientific,research,,,,
sustainable,industrialisation,,,,
sustainable,infrastructure,,,,
technological,capabilities,,,,
transborder,infrastructure,,,,
value,chains,,,,
value,chains,and,markets,,
water,infrastructure,,,,
water,resources,,,,
sdg,10,,,,
affordable,housing,,,,
developing,countries,,,,
developing,states,,,,
development,assistance,,,,
equal,opportunity,,,,
financial,assistance,,,,
foreign,aid,,,,
foreign,investment,,,,
global,financial,markets,,,
human,rights,,,,
income,growth,,,,
income,inequality,,,,
migrant,remittance,,,,
population,growth,,,,
public,policy,,,,
quality,of,life,,,
reduce,inequalities,,,,
social,protection,,,,
vulnerable,nations,,,,
world,trade,,,,
sdg,11,,,,
affordable,housing,,,,
air,pollution,,,,
air,quality,,,,
climate,change,,,,
cultural,heritage,,,,
development,planning,,,,
disaster,management,,,,
disaster,risk,reduction,,,
disaster,strategy,,,,
fine,particulate,matter,,,
green,spaces,,,,
human,settlements,,,,
impact,of,cities,,,
inadequate,housing,,,,
informal,settlements,,,,
land,consumption,,,,
local,materials,,,,
natural,disasters,,,,
natural,heritage,,,,
over,crowding,,,,
population,growth,,,,
public,spaces,,,,
public,transport,,,,
resilient,buildings,,,,
resource,efficiency,,,,
resource,needs,,,,
risk,reduction,strategy,,,
road,safety,,,,
safe,cities,,,,
smart,cities,,,,
solid,waste,,,,
sustainable,building/s,,,,
sustainable,cities/city,,,,
sustainable,communities,,,,
sustainable,urbanisation,,,,
town,planning,,,,
transport,systems,,,,
urban,development,,,,
urban,planning,,,,
urban,sustainability,,,,
waste,generation,,,,
waste,management,,,,
water-related,disasters,,,,
sdg,12,,,,
circular,economy,,,,
commercial,enterprises,,,,
consumer,levels,,,,
deep,decarbonisation,,,,
efficient,use,of,resources,,
energy,consumption,,,,
energy,efficiency,,,,
energy,use,,,,
food,losses,,,,
food,supply,,,,
food,waste,,,,
fossil,fuel,subsidies,,,
future,proof,,,,
global,food,waste,,,
greenhouse,gasses,,,,
harvest,losses,,,,
life,cycle,,,,
market,distortions,,,,
materials,goods,,,,
monitoring,sustainable,development,,,
natural,resources,,,,
reduce,waste,generation,,,
resource,efficiency,,,,
responsible,production,chains,,,
retail,industry,,,,
sustainable,consumption,,,,
sustainable,management,,,,
sustainable,practices,,,,
sustainable,production,,,,
sustainable,public,procurement,,,
sustainable,resource,use,,,
sustainable,supply,chain,,,
sustainable,tourism,,,,
wasteful,consumption,,,,
water,pollution,,,,
water,supply,,,,
sdg,13,,,,
average,global,temperature,,,
carbon,dioxide,,,,
changing,weather,patterns,,,
climate,action,,,,
climate,adaptation,,,,
climate,and,infectious,disease,,
climate,and,politics,,,
climate,change,,,,
climate,change,management,,,
climate,change,planning,,,
climate,change,policy,,,
climate,early,warning,,,
climate,hazards,,,,
climate,impact,,,,
climate,mitigation,,,,
climate,refugees,,,,
climate,related,hazards,,,
climate,resilience,,,,
co2,capture,,,,
co2,conversion,,,,
extreme,weather,,,,
extreme,weather,events,,,
global,mean,temperature,,,
global,temperature,,,,
global,warming,,,,
greenhouse,gas,,,,
greenhouse,gas,emissions,,,
greenhouse,gases,,,,
ice,loss,,,,
low-carbon,economy,,,,
natural,disasters,,,,
natural,systems,,,,
ocean,warming,,,,
paris,agreement,,,,
rising,sea,,,,
sea,level,rise,,,
sdg,14,,,,
artisanal,fishers,,,,
carbon,dioxide,,,,
coastal,biodiversity,,,,
coastal,ecosystems,,,,
coastal,habitats,,,,
coastal,parks,,,,
coastal,resources,,,,
conserve,oceans,,,,
coral,bleaching,,,,
coral,reef,,,,
ecosystem,management,,,,
fish,species,,,,
fish,stocks,,,,
fish,stocks,and,fisheries,,
fishing,practices,,,,
global,warming,,,,
illegal,fishing,,,,
law,of,the,sea,,
marine,areas,,,,
marine,biodiversity,,,,
marine,ecosystems,,,,
marine,fisheries,,,,
marine,parks,,,,
marine,pollution,,,,
marine,resources,,,,
ocean,acidification,,,,
ocean,temperature,,,,
productive,oceans,,,,
protected,areas,,,,
sea,grasses,,,,
sustainable,ecosystems,,,,
unregulated,fishing,,,,
water,resources,and,policy,,
sdg,15,,,,
arable,land,,,,
biodiversity,,,,,
ecosystem,restoration,,,,
extinct,species,,,,
forest,management,,,,
genetic,resources,,,,
illegal,wildlife,products,,,
illicit,trafficking,,,,
indigenous,populations,,,,
invasive,alien,species,,,
land,conservation,,,,
land,degradation,,,,
land,loss,,,,
land,use,and,sustainability,,
manage,forests,,,,
managed,forests,,,,
protected,fauna,,,,
protected,flora,,,,
protected,species,,,,
soil,degradation,,,,
strategic,plan,for,biodiversity,,
terrestrial,ecosystems,,,,
threatened,species,,,,
tree,species,,,,
sdg,16,,,,
accountable,institutions,,,,
arbitrary,detention,,,,
arms,trafficking,,,,
birth,registration,,,,
combat,terrorism,,,,
conflict,resolution,,,,
enforced,disappearance,,,,
equal,access,,,,
flow,of,arms,,,
geography,of,poverty,,,
hate,crime,,,,
human,trafficking,,,,
illegal,arms,,,,
illicit,financial,flows,,,
inclusive,institutions,,,,
inclusive,societies/society,,,,
internally,displaced,,,,
justice,for,all,,,
legal,identity,,,,
national,security,,,,
organized,crime,,,,
paris,principles,,,,
peaceful,societies,,,,
physical,abuse,,,,
prevent,violence,,,,
psychological,abuse,,,,
public,policy,,,,
quality,of,life,,,
representative,decision-making,,,,
rule,of,law,,,
security,threats,,,,
sexual,abuse,,,,
sexual,violence,,,,
stolen,assets,,,,
tax,evasion,,,,
un-sentenced,detainees,,,,
unstable,societies,,,,
victims,of,violence,,,
violence,against,women,and,,
sdg,17,,,,
civil,society,partnerships,,,
communication,technologies,,,,
debt,sustainability,,,,
development,assistance,,,,
doha,development,agenda,,,
environmentally,sound,technologies,,,
foreign,direct,investments,,,
fostering,innovation,,,,
free,trade,,,,
fundamental,principles,of,official,,
global,partnership,,,,
global,partnership,for,sustainable,,
global,stability,,,,
international,cooperation,,,,
international,population,and,housing,,
international,support,,,,
international,support,for,developing,,
knowledge,sharing,,,,
multi-stakeholder,partnerships,,,,
poverty,eradication,,,,
public-private,partnerships,,,,
science,cooperation,agreements,,,
technology,cooperation,agreements,,,
technology,transfer,,,,
weighted,tariff,average,,,
women,entrepreneurs,,,,
world,trade,organization,,,
alternative,energy,,,,
capacity,building,,,,
caring,for,country,,,
co2,emissions,,,,
developing,countries,,,,
eco,tourism,,,,
environmental,degradation,,,,
environmental,policy,,,,
environmental,sustainability,,,,
equal,rights,to,economic,,
food-energy-water,nexus,,,,
forced,displacement,,,,
good,governance,,,,
governance,and,policy,,,
governance,and,risk,,,
human,well-being,,,,
indigenous,knowledge,,,,
inter-generational,,,,,
irregular,migration,,,,
land,locked,developing,countries,,
least,developed,countries,,,
leave,no,one,behind,,
low,impact,agriculture,,,
low,impact,farming,,,
low,impact,horticulture,,,
migrant,rights,,,,
migration,and,policy,,,
policy,coherence,,,,
pollution,,,,,
promotion,of,shared,responsibilities,,
refugee,crisis,,,,
refugee,rights,,,,
reuse,technologies,,,,
small,island,developing,states,,
smart,cities,,,,
smart,grid,,,,
smart,houses,,,,
social,protection,policies,,,
social,responsibility,,,,
sustainable,development,,,,
sustainable,development,goals,,,
sustainable,development,indicators,,,
sustainable,management,,,,
sustainable,public,transport,,,
sustainable,societies,,,,
sustainable,transport,,,,
technology,for,sustainable,development,,
tele-working,,,,,
transboundary,cooperation,,,,
water,sensitive,revitalisation,,,
well-being,,,,,
supply,chains,,,,
supply,chain,,,,
carbon,price,,,,
carbon,tax,,,,
carbon,fee,,,,
sustainable,development,goals,,,
sustainable,development,goal,,,
management,approach,,,,
management,system,,,,
management,innovation,,,,
management,systems,,,,
management,board,,,,
risk,management,,,,
energy,management,,,,
ethical,management,,,,
sustainable,management,,,,
chain,management,,,,
sustainability,management,,,,
senior,management,,,,
waste,management,,,,
environmental,management,,,,
health,management,,,,
repsonsibility,management,,,,
safety,management,,,,
resource,management,,,,
management,board,report,,,
board,of,management,,,
environmentally,friendly,management,,,
supply,chain,management,,,
social,repsonsibility,management,,,
human,right,management,,,
water,risk,management,,,
employee,relation,,,,
employee,engagement,,,,
employee,care,,,,
report,sustainable,,,,
responsibility,report,,,,
csr,report,,,,
governance,report,,,,
strategic,report,,,,
sustainability,report,,,,
impact,report,,,,
management,report,,,,
development,report,,,,
board,report,,,,
social,responsibility,report,,,
company,governance,,,,
product,sustainability,,,,
product,safety,,,,
product,development,,,,
product,life,,,,
green,product,,,,
emissions,product,,,,
product,life,cycle,,,
product,energy,efficiency,,,
technologies,and,product,,,
ghg,emissions,product,,,
satisfaction,and,product,,,
business,ethics,,,,
responsible,business,,,,
responsible,business,alliance,,,
business,inclusive,,,,
inclusive,workplace,,,,
value,creation,business,,,
corporate,governance,,,,
corporate,sustainability,,,,
corporate,sustainable,,,,
corporate,responsibility,,,,
corporate,social,responsibility,,,
corporate,sustainability,committee,,,
corporate,governance,report,,,
corporate,sustainable,development,,,
corporate,governance,communication,,,
corporate,governance,culture,,,
corporate,governance,code,,,
corporate,governance,structure,,,
corporate,governance,framework,,,
corporate,governance,compensation,,,
society,corporate,,,,
deepening,corporate,governance,,,
risk,management,,,,
risk,assessment,,,,
water,risk,,,,
risk,management,system,,,
supplier,environmental,,,,
supplier,sustainability,,,,
supplier,code,,,,
performance,share,plan,,,
board,member,,,,
supervisory,board,,,,
management,board,,,,
management,system,,,,
internal,control,system,,,
environmental,management,system,,,
risk,management,system,,,
energy,management,system,,,
safety,management,system,,,
customer,satisfaction,,,,
customer,service,,,,
customer,privacy,,,,
customer,relationship,management,,,
performance,share,,,,
performance,criteria,,,,
performance,indicators,,,,
performance,energy,,,,
environmental,performance,,,,
sustainable,performance,,,,
csr,performance,,,,
key,performance,,,,
sustainability,performance,,,,
key,performance,indicator,,,
environmental,performance,energy,,,
supplier,environmental,performance,,,
financial,statement,,,,
financial,performance,,,,
financial,information,,,,
financial,position,,,,
director,representing,employees,,,
independent,lead,director,,,
environmental,protection,,,,
environmental,impact,,,,
environmental,performance,,,,
environmental,sustainability,,,,
environmental,management,,,,
environmental,issue,,,,
stakeholders,environmental,,,,
stakeholders,environmental,protection,,,
environmental,sustainability,approach,,,
environmental,management,system,,,
information,security,,,,
information,statement,,,,
information,protection,,,,
information,concerning,,,,
shareholder,information,,,,
non-financial,information,,,,
personal,information,,,,
information,security,management,,,
technology,responsible,,,,
innovative,technology,,,,
technology,responsible,procurement,,,
transparency,innovative,technology,,,
social,investments,technology,,,
work,environment,,,,
value,chain,,,,
value,creation,,,,
fair,value,,,,
corporate,value,,,,
strategy,value,driver,,,
material,issue,,,,
material,topic,,,,
energy,efficiency,,,,
energy,consumption,,,,
energy,conservation,,,,
energy,management,,,,
energy,saving,,,,
energy,use,,,,
renewable,energy,,,,
access,to,energy,,,
governance,communication,,,,
governance,culture,,,,
governance,committee,,,,
corporate,governance,,,,
sustainable,governance,,,,
message,governance,,,,
sustainability,report,,,,
sustainability,committee,,,,
sustainability,mission,,,,
sustainability,integrity,,,,
sustainability,fact,book,,,
dow,jones,sustainability,index,,
sustainability,committee,,,,
compensation,committee,,,,
executive,committee,,,,
governance,committee,,,,
csr,committee,,,,
sustainable,impact,,,,
social,impact,,,,
new,product,,,,
new,supplier,,,,
service,responsible,,,,
customer,service,,,,
community,service,,,,
sustainable,development,,,,
product,development,,,,
talent,development,,,,
sustainable,development,goal,,,
sustainable,development,economic,,,
development,economic,sustainable,,,
nation,sustainable,development,,,
training,program,,,,
occupational,safety,,,,
achievement,rate,,,,
completion,rate,,,,
internal,audit,,,,
water,consumption,,,,
water,resource,,,,
waste,water,,,,
water,recycling,,,,
water,conservation,,,,
compensation,policy,,,,
editorial,policy,,,,
human,right,policy,,,
social,participation,,,,
social,issues,,,,
social,investments,,,,
data,privacy,,,,
data,protection,,,,
personal,data,,,,
human,rights,data,,,
csr,data,,,,
global,compact,,,,
global,warming,,,,
global,reporting,initiative,,,
base,salary,,,,
health,management,,,,
occupational,health,,,,
mental,health,,,,
health,and,safety,,,
safety,and,health,,,
sustainable,development,,,,
sustainable,growth,,,,
sustainable,supply,,,,
sustainable,performance,,,,
sustainable,value,,,,
economic,sustainable,,,,
economic,sustainable,growth,,,
sustainable,development,goal,,,
sustainable,supply,chain,,,
annual,target,,,,
compensation,policy,,,,
fixed,compensation,,,,
variable,compensation,,,,
compensation,and,benefits,,,
cleaner,production,harmonious,,,
cleaner,production,,,,
protect,the,environment,,,
csr,roadmap,,,,
growth,strategy,,,,
business,strategy,,,,
green,manufacturing,,,,
green,building,,,,
mission,green,,,,
gri,standard,,,,
gri,un,,,,
gri,103,,,,
gri,guideline,,,,
gri,content,,,,
waste,reduction,,,,
hazardous,waste,,,,
waste,to,landfill,,,
climate,change,,,,
climate,change,mitigation,,,
internal,control,,,,
pollution,control,,,,
internal,control,system,,,
people,society,,,,
general,meeting,,,,
responsible,supply,,,,
responsible,procurement,,,,
responsible,business,,,,
responsible,sourcing,,,,
responsible,mineral,,,,
responsible,supply,chain,,,
communication,with,stakeholder,,,
care,for,society,,,
human,capital,,,,
carbon,reduction,,,,
governance,culture,,,,
communication,channel,,,,
parental,leave,,,,
social,contribution,,,,
product,development,,,,
satisfaction,survey,,,,
business,continuity,,,,
equal,opportunity,,,,
talent,development,,,,
renewable,electricity,,,,
culture,innovative,,,,
power,consumption,,,,
supplier,code,of,conduct,,
task,force,on,climaterelated,financial,disclosure
carbon,disclosure,project,,,
occupational,hsealth,and,safety,sanagement,systems
renewable,energy,certificate,,,
energy,use,intensity,,,
general,data,protection,regulation,,
customer,relationship,management,,,
environmental,management,system,,,
responsible,business,alliance,,,
responsible,mineral,initiative,,,
responsible,mineral,assurance,process,,
business,continuity,plan,,,
international,organization,for,standardization,,
restriction,of,hazardous,substance,,
substance,of,very ,high,concern,
intergovernmental,panel,on,climate,change,
science,based,target,,,
conflict,mineral,reporting,template,,
