﻿auo,895
management,504
2019,472
employee,449
chapter,449
also,295
company,282
product,268
business,244
report,240
technology,237
use,225
risk,224
system,218
development,203
year,201
supplier,198
taiwan,190
water,189
operation,188
material,183
provide,179
issue,179
carbon,175
key,174
high,173
energy,164
process,163
target,162
production,162
display,157
performance,156
total,156
education,152
site,152
csr,150
reduce,150
customer,145
...,145
include,139
design,135
service,132
panel,130
work,130
response,130
time,129
award,125
factory,125
annual,124
director,123
training,122
emission,122
green,120
sustainability,120
new,120
000,117
information,116
corporate_social_responsibility,116
appendix,114
environmental,113
develop,112
conduct,112
2018,109
continue,109
committee,108
base,108
external,106
global,105
social,104
establish,104
well,103
board,102
foreword,101
goal,101
organization,100
audit,100
achieve,100
impact,99
group,99
policy,98
take,97
increase,97
course,96
make,96
set,96
promote,95
review,95
activity,94
2020,93
improve,93
reduction,92
smart,92
internal,91
addition,90
unit,90
million,90
market,89
safety,89
gri,89
control,88
100,87
communication,87
project,86
industry,85
plant,84
material_topic,83
waste,82
stakeholder,82
health,82
opportunity,82
program,81
create,80
corporate_governance,79
resource,79
quality,78
compliance,78
regulation,77
major,77
tonne,76
local,76
information_security,76
area,75
data,74
solution,74
application,74
volunteer,73
support,73
equipment,73
electricity,73
supply_chain,72
energy_conservation,72
thereof,72
environmental_sustainability,71
environment,71
people,71
partner,71
law,71
rate,71
plan,71
implement,71
power,70
mechanism,70
topic,69
event,69
requirement,69
international,69
level,69
improvement,69
directive,69
economic,68
csr_committee,68
value,68
different,67
share,67
manufacturing,67
every,66
team,66
result,65
introduce,65
climate_change,64
respond,64
strengthen,64
culture,63
corporate,63
ensure,63
part,62
platform,62
1,62
day,62
colleague,62
action,61
welfare,61
china,61
standard,61
strategy,60
order,60
help,60
experience,59
number,59
growth,58
indicator,58
hour,58
situation,58
student,58
subject,58
module,57
promotion,56
since,56
complete,56
care,55
carbon_reduction,54
2017,54
scope,54
invite,54
purchase,54
change,53
engagement,53
analysis,53
become,53
meeting,53
save,53
cost,53
measure,52
water_resource,52
innovation,52
aspect,52
evaluation,52
inventory,51
current,51
city,51
enterprise,51
2,51
science,50
meet,50
personnel,50
integrity,49
value_chain,49
good,49
future,49
direct,49
liquid,49
require,48
recycle,48
greenhouse_gas,47
focus,47
trend,47
school,47
build,46
principle,46
expand,46
case,46
3,46
protection,46
governance,45
reach,45
three,45
taichung,45
learn,45
transportation,45
contractor,45
field,45
inclusive,44
compensation,44
environmental_protection,44
lead,44
practice,44
life,44
session,44
light,44
index,43
receive,43
sustainable,43
public,43
labor,43
description,43
boundary,42
apply,42
start,42
hold,42
mainland,42
low,42
substance,41
kpmg,41
implementation,41
2015,41
female,41
3.1.2,40
distribution,40
assure,40
world,40
relevant,40
industrial,40
medium,40
expert,40
participate,40
online,40
element,40
conference,40
manager,40
account,40
injury,40
family,40
department,39
integration,39
combine,39
offer,39
raw,39
amount,39
incident,39
2016,39
male,39
child,39
reuse,38
professional,38
encourage,38
category,38
due,38
regularly,38
benefit,38
page,38
p.53,38
right,37
around,37
relate,37
human_right,37
accord,37
crystal,37
1.2.3,36
identifying,36
circular_economy,36
awareness,36
type,36
large,36
regular,36
emergency,36
machine,36
verification,35
accordance,35
financial,35
camp,35
give,35
investment,35
outstanding,35
climate,35
saving,35
salary,35
sale,35
source,35
construction,35
actual,35
p.18,35
therefore,34
government,34
4,34
monitoring,34
proposal,34
approximately,34
method,34
subsidiary,33
disclosure,33
present,33
progress,33
society,33
top,33
common,33
xiamen,33
learning,33
capacity,33
ton,33
concept,33
rba,33
pressure,33
region,33
treatment,33
interpretation,33
accreditation,33
content,32
cultural,32
management_approach,32
identify,32
participation,32
model,32
renewable_energy,32
neutrality,32
device,32
conflict,32
college,32
gri_103,32
directives,32
103-1,32
103-2,32
103-3,32
risk_management,31
human_right_management,31
iso,31
theme,31
community,31
research,31
executive,31
term,31
organize,31
place,31
facility,31
legal,31
exchange,31
demand,31
add,31
monitor,31
incentive,31
manufacture,31
nearly,31
5.4.2,30
transformation,30
channel,30
overall,30
suzhou,30
supply,30
cooperation,30
mailbox,30
exhibition,30
knowledge,30
tax,30
may,29
relation,29
micro,29
list,29
adopt,29
europe,29
enhance,29
center,29
core,29
define,29
effective,29
assessment,29
mineral,29
party,29
end,29
efficiency,29
competition,29
p.156,29
hazardous,28
chairman,28
collect,28
concern,28
protect,28
line,28
track,28
friendly,28
item,28
two,28
national,28
operational,28
scholarship,28
interest,28
member,28
operate,28
potential,28
measurement,28
technical,28
procedure,28
2025,27
partnership,27
initiative,27
corporation,27
reporting,27
follow,27
independent,27
important,27
feedback,27
form,27
launch,27
general,27
need,27
antitrust,27
workplace,26
comprehensive,26
manage,26
popular,26
kunshan,26
condition,26
related,26
packaging,26
co2e,26
generate,26
function,26
shareholder,26
blood,26
physical,26
singapore,26
class,26
sustainable_development,25
even,25
intelligent,25
actively,25
realize,25
role,25
link,25
long-term,25
main,25
cultivate,25
gender,25
talent,25
first,25
effect,25
introduction,25
ratio,25
test,25
prevention,25
special,25
update,25
must,25
security,25
expect,25
affair,25
assist,25
cause,25
tank,25
p.134,25
identification,24
adaptation,24
planning,24
manpower,24
5.4.1,24
basis,24
country,24
management_system,24
interaction,24
innovative,24
effectively,24
employment,24
association,24
chemical,24
cumulative,24
visit,24
circular,24
produce,24
touch,24
explanation,24
least,24
per,24
occupational,24
sludge,24
color,24
drill,24
supply_chain_management,23
sdgs,23
talent_development,23
university,23
health_and_safety,23
effort,23
vision,23
incorporate,23
recovery,23
club,23
sub-committee,23
rating,23
inspection,23
average,23
integrate,23
multiple,23
frequency,23
compare,23
energy_consumption,23
discharge,23
resolution,23
p.182,23
resilience,22
materiality,22
structure,22
advantage,22
component,22
variety,22
image,22
digital,22
communicate,22
obtain,22
500,22
one,22
access,22
prevent,22
position,22
status,22
medical,22
glass,22
assistance,22
renumeration,22
leave,22
mobile,22
full,22
gas,22
travel,22
100.0,22
electric,22
without,21
3.4,21
overview,21
organizational,21
filipino,21
accomplishment,21
ability,21
consecutive,21
foundation,21
maintain,21
host,21
cultivation,21
screen,21
efﬁciency,21
representative,21
directly,21
decrease,21
power_consumption,21
organic,21
location,21
polarizer,21
violation,21
understand,21
0.00,21
wastewater,20
record,20
2014,20
hsinchu,20
retail,20
recognize,20
keep,20
challenge,20
skill,20
visual,20
connect,20
institution,20
jointly,20
survey,20
houli,20
contract,20
return,20
solar_energy,20
internship,20
investor,20
charity,20
range,20
career,20
overseas,20
invest,20
size,20
pension,20
p.132,20
3.3,19
recognition,19
gallery,19
responsibility,19
section,19
ntd,19
come,19
together,19
problem,19
continuous,19
personal,19
far,19
website,19
name,19
working,19
carry,19
capability,19
patent,19
lcd,19
tcfd,19
job,19
human,19
exist,19
cover,19
check,19
individual,19
evaluate,19
approach,19
indirect,19
allow,19
strive,19
consumer,19
loss,19
quarantine,19
responsible_supply_chain,18
officer,18
period,18
manner,18
philosophy,18
corporate_sustainability,18
guide,18
engage,18
selection,18
electronic,18
reclamation,18
active,18
energy-saving,18
adjustment,18
optical,18
responsible,18
cooperate,18
propose,18
person,18
energy_management,18
attend,18
7,18
monthly,18
critical,18
beneﬁts,18
small,18
sign,18
traditional,18
engineering,18
age,18
generation,18
objective,18
behavior,18
investigation,18
percentage,18
5,18
original,18
table,18
tree,18
p.66,18
appendix_,18
3.6.2,17
strategic,17
3.1.1,17
outcome,17
importance,17
late,17
previous,17
draw,17
many,17
move,17
brand,17
workshop,17
continued,17
interview,17
transport,17
nature,17
serve,17
bureau,17
show,17
domestic,17
way,17
bezel,17
cmd,17
identiﬁcation,17
low-carbon,17
creation,17
summer,17
solar,17
etc,17
operating,17
ipmvp,17
10,17
refer,17
let,17
towards,17
act,17
fund,17
kwh,17
air,17
disposal,17
conﬁrmation,17
chief,16
achievement,16
begin,16
commitment,16
disclose,16
park,16
expertise,16
big,16
gender_equality,16
tour,16
purchasing,16
four,16
hop,16
find,16
emphasize,16
assess,16
competitiveness,16
healthy,16
benchmark,16
reclaimed,16
solar_power,16
high-quality,16
quantum,16
exceed,16
backlight,16
brightness,16
consumption,16
president,16
authority,16
on-site,16
teacher,16
quarterly,16
insurance,16
worker,16
code,16
gradually,16
trading,16
user,16
pixel,16
possible,16
drive,16
early,16
maintenance,16
comply,16
past,16
epidemic,16
water_conservation,16
applicable,16
expenditure,16
teach,16
pump,16
fertilizer,16
3.5,15
guideline,15
calculation,15
accounting,15
upon,15
software,15
hardware,15
adjust,15
basic,15
exercise,15
face,15
balance,15
select,15
joint,15
great,15
view,15
positive,15
recent,15
excellent,15
6,15
optimize,15
convert,15
vendor,15
sharing,15
relationship,15
timely,15
forum,15
mainly,15
anti-corruption,15
commercial,15
water_consumption,15
back,15
pass,15
disable,15
regulatory,15
administration,15
japan,15
sport,15
specification,15
instal,15
flow,15
credit,15
reason,15
dynamic,15
usage,15
join,15
delivery,15
reclaim,15
elementary,15
optronics,14
4.1,14
blueprint,14
correspond,14
5.1,14
diversity,14
demonstrate,14
worldwide,14
asian,14
accept,14
please,14
economy,14
affect,14
interactive,14
direction,14
marketing,14
respect,14
could,14
contribution,14
put,14
discussion,14
commission,14
wish,14
agricultural,14
woman,14
advanced,14
dot,14
appropriate,14
characteristic,14
scale,14
sensor,14
involve,14
green_product,14
customer_satisfaction,14
speed,14
example,14
taipei,14
seed,14
gift,14
effectiveness,14
picture,14
remuneration,14
storage,14
satisfaction,14
raise,14
series,14
veriﬁcation,14
u.s.,14
tool,14
seek,14
2010,14
weight,14
automotive,14
long,14
subsidy,14
replace,14
quantity,14
magic,14
p.76,14
eps,13
systematic,13
framework,13
hope,13
extend,13
absolute,13
diverse,13
trade,13
open,13
within,13
grade,13
quickly,13
stock,13
represent,13
200,13
donation,13
look,13
win,13
technological,13
transparency,13
jiangsu,13
certification,13
point,13
month,13
extensive,13
cell,13
mode,13
detail,13
shortage,13
tap,13
integrated,13
intensity,13
pdca,13
recycling,13
proper,13
understanding,13
questionnaire,13
statistic,13
degree,13
technique,13
e.g,13
substrate,13
statement,13
rule,13
home,13
continuously,13
execution,13
wearable,13
2013,13
germany,13
wide,13
zone,13
old,13
mitigation,13
disease,13
risk_assessment,13
stage,13
clean,13
silicon,13
easy,13
filter,13
dada,13
p.49,13
120,12
diversified,12
5.2,12
counseling,12
america,12
ghg,12
50001,12
next,12
get,12
leader,12
successfully,12
2008,12
roadmap,12
train,12
push,12
bring,12
esg,12
gold,12
highlight,12
taiwanese,12
sound,12
purpose,12
atmosphere,12
study,12
installed,12
complaint,12
task,12
interface,12
building,12
opinion,12
video,12
academic,12
labor-management,12
head,12
attack,12
equal,12
work_environment,12
mass,12
netherlands,12
best,12
factor,12
senior,12
korea,12
slovakia,12
tft,12
increasingly,12
space,12
large-scale,12
scheme,12
already,12
calculate,12
various,12
confirm,12
thousand,12
hand,12
removal,12
estimate,12
diw,12
oled,12
junior,12
micro-courses,12
min,12
interested,12
appendix_management,12
comparison,11
publish,11
influence,11
contact,11
scenario,11
still,11
mean,11
short,11
real-time,11
reference,11
analyze,11
excellence,11
innovative_technology,11
highly,11
boost,11
employer,11
finance,11
ship,11
minimum,11
wage,11
wgp,11
optimization,11
disadvantaged,11
accumulate,11
communication_channel,11
repair,11
document,11
longtan,11
retention,11
intern,11
whether,11
waste_reduction,11
attendance,11
enter,11
harassment,11
close,11
instructor,11
film,11
temperature,11
gamut,11
daily,11
handle,11
see,11
output,11
2011,11
2012,11
matter,11
however,11
package,11
break,11
natural,11
hazard,11
advance,11
corrective,11
11,11
carbon_price,11
load,11
scrubber,11
central,11
negative,11
retirement,11
p.123,11
taxation,10
3.6,10
letter,10
concrete,10
2.1,10
recruitment,10
5.6,10
2006,10
discuss,10
release,10
computer,10
djsi,10
business_continuity,10
decision,10
able,10
mission,10
emerge,10
bank,10
rank,10
examine,10
leadership,10
ﬁrst,10
date,10
single,10
uhd,10
feature,10
input,10
educational,10
thin,10
19,10
hdr,10
narrow,10
reliability,10
pfc,10
600,10
grow,10
phase,10
force,10
press,10
tion,10
upstream,10
downstream,10
indeﬁnite,10
rma,10
ask,10
manual,10
box,10
score,10
quick,10
suitable,10
serious,10
profit,10
farmer,10
disaster,10
rigorous,10
fulfill,10
customer_service,10
processing,10
prosperity,10
consultation,10
manufacturer,10
asia,10
transmission,10
less,10
flexible,10
installation,10
attention,10
run,10
resistance,10
land,10
contain,10
available,10
activate,10
bcp,10
fire,10
asset,10
self-assessment,10
ethical,10
n/a,10
compound,10
difference,10
cleaning,10
gap,10
automatic,10
driver,10
ban,10
rural,10
-11,10
june,9
information_security_management,9
4.3.1,9
2.2,9
article,9
encompass,9
sense,9
version,9
road,9
300,9
dimension,9
agile,9
sustainability_committee,9
severity,9
ten,9
sdg,9
outside,9
network,9
sector,9
uphold,9
criterion,9
social_responsibility,9
creativity,9
health_management,9
citizenship,9
e-sports,9
certiﬁcation,9
treat,9
ministry,9
stay,9
infrastructure,9
consideration,9
footprint,9
neutralization,9
battery,9
collection,9
app,9
replacement,9
gdpr,9
request,9
piece,9
rice,9
1.5,9
enforce,9
high-risk,9
mental,9
precision,9
fair,9
18,9
establishment,9
amoled,9
tainan,9
state,9
enable,9
grid,9
copper,9
path,9
limit,9
expense,9
procurement,9
minute,9
govern,9
necessary,9
classify,9
crisis,9
movement,9
property,9
aim,9
shall,9
perform,9
free,9
excessive,9
cdp,9
proﬁle,9
destruction,9
dry,9
vacuum,9
rotor,9
x-ray,9
exhibit,9
30-49,9
micro-course,9
reinstatement,9
p.86,9
p.81,9
notice,8
108,8
air_pollution,8
4.3.4,8
1.2,8
gri_standard,8
chart,8
abbreviation,8
third-party,8
vertical,8
like,8
last,8
deliver,8
inclusion,8
satisfy,8
spirit,8
alliance,8
following,8
living,8
recommendation,8
consider,8
decision-making,8
emphasis,8
citizen,8
multimedia,8
signage,8
new_product,8
final,8
professionalism,8
internet,8
20,8
donate,8
statutory,8
extreme,8
ﬁeld,8
transmittance,8
climate_action,8
metric,8
commit,8
diversiﬁed,8
golf,8
note,8
spread,8
tablet,8
provision,8
revise,8
material_issue,8
assign,8
determine,8
generally,8
occupational_health,8
construct,8
advocacy,8
notebook,8
advancement,8
sexual,8
800,8
spokesperson,8
approve,8
strong,8
roll,8
five,8
sustainable_supply_chain,8
clear,8
electrical,8
flat,8
density,8
volume,8
supervision,8
high-efficiency,8
body,8
utilization,8
upload,8
observation,8
arrangement,8
call,8
compensation_committee,8
duty,8
senior_management,8
quantitative,8
know,8
preparation,8
history,8
convey,8
cycle,8
supervisor,8
16,8
arrange,8
huaya,8
interruption,8
pragmatic,8
room,8
resin,8
leakage,8
bag,8
electrode,8
non-management,8
specialist,8
fit,8
political,8
p.32,8
p.73,8
p.127,8
reserve,7
4.2,7
4.4.1,7
4.4.2,7
disabled,7
5.4,7
csr_report,7
prepare,7
2021,7
everyone,7
solid,7
sustainable_development_goal,7
sbt,7
master,7
send,7
mind,7
lively,7
love,7
oversee,7
mutual,7
union,7
guidance,7
festival,7
pollen,7
immersive,7
locate,7
chinese,7
preliminary,7
negotiation,7
others,7
equivalent,7
submit,7
multi-busbar,7
unique,7
internal_audit,7
connection,7
united,7
climate_adaptation,7
ﬁnancial,7
billion,7
practical,7
composite,7
competitive,7
remain,7
formal,7
routine,7
refine,7
odor,7
agency,7
background,7
village,7
3.2.1,7
prohibit,7
phone,7
foreign,7
price,7
hotline,7
sub-committees,7
protocol,7
accelerate,7
television,7
13,7
specific,7
darwin,7
turn,7
energy_efficiency,7
efﬁcient,7
vice,7
safety_and_health,7
announcement,7
700,7
reduced,7
handicapped,7
additional,7
impression,7
hopefully,7
inspect,7
insight,7
absorb,7
seminar,7
lecture,7
file,7
one-stop,7
capital,7
americas,7
twse,7
accountability,7
longke,7
game,7
angle,7
cloud,7
contrast,7
conventional,7
half,7
remote,7
intend,7
loan,7
exam,7
magnify,7
appointment,7
ideal,7
collaboration,7
cyber,7
pay,7
restriction,7
visitor,7
classification,7
consultant,7
intellectual,7
encounter,7
agreement,7
declaration,7
blower,7
externally,7
conform,7
yet,7
mentoring,7
preference,7
metal,7
earth,7
vocs,7
megaliters,7
waste_water,7
contribute,7
distance,7
carbon-energy,7
properly,7
food,7
finish,7
honest,7
foster,7
theory,7
permanent,7
auoers,7
teaching,7
passport,7
inspire,7
fun,7
christmas,7
p.55,7
p.14,7
p.5,7
p.70,7
corp.,6
114,6
5.3,6
tolerance,6
130,6
5.5,6
charitable,6
2005,6
verify,6
question,6
embrace,6
stand,6
adapt,6
announce,6
command,6
forward,6
live,6
throughout,6
beyond,6
undertake,6
philanthropy,6
map,6
opto-electronics,6
moea,6
par,6
1st,6
english,6
mini-led,6
pool,6
flora,6
expo,6
export,6
among,6
safety_management,6
recruit,6
secondary,6
green_manufacturing,6
tft-lcd,6
zero,6
well-being,6
parental_leave,6
stable,6
8k4k,6
handicap,6
detection,6
142,6
kgco2e/m2,6
deep,6
chain,6
f-ghg,6
designate,6
competency,6
gain,6
co-prosperity,6
nine,6
neighborhood,6
side,6
coordinate,6
quatang,6
barn,6
preserve,6
approval,6
industry-academia,6
pollution,6
simplify,6
greenark,6
collaborate,6
honesty-intelligence,6
seal,6
membership,6
derive,6
validation,6
split,6
limited,6
driving,6
penetration,6
rec,6
station,6
0.2,6
non-discrimination,6
14,6
401,6
secure,6
mark,6
remove,6
cod,6
six,6
search,6
consult,6
perspective,6
leverage,6
lee,6
eupd,6
ltps,6
ceo,6
revenue,6
office,6
wall,6
15,6
30,6
mainstream,6
tvs,6
iot,6
expectation,6
supplement,6
yield,6
maturity,6
fast,6
rise,6
execute,6
quarter,6
shipment,6
taoyuan,6
sell,6
conversion,6
cut,6
secret,6
ment,6
handbook,6
periodically,6
bonus,6
0.24,6
explain,6
failure,6
transfer,6
poor,6
devise,6
damage,6
trip,6
holiday,6
tracking,6
psychological,6
campaign,6
grievance,6
aforementioned,6
new_supplier,6
play,6
greatly,6
responsible_business_alliance,6
waste_generation,6
acid,6
8,6
ozone,6
22,6
abnormality,6
consensus,6
deepen,6
chronic,6
drought,6
significantly,6
database,6
energy_management_system,6
interlock,6
etch,6
testing,6
think,6
plastic,6
pollutant,6
particle,6
solve,6
circuit,6
on-cell,6
dark,6
speaker,6
educate,6
accident,6
ergonomic,6
finger,6
disadvantage,6
sidadun,6
concerned,6
p.111,6
appraisal,6
4.1.4,5
efficient,5
2.1.2,5
127,5
socialize,5
132,5
5.5.2,5
csr_performance,5
january,5
indicate,5
suggestion,5
headquarters,5
http,5
provider,5
bloomberg,5
sure,5
horizontal,5
valuable,5
deeply,5
eligible,5
voluntarily,5
european,5
exposure,5
ctsp,5
environmentally,5
feel,5
title,5
determination,5
staff,5
recruiting,5
voting,5
eco-friendly,5
benq,5
social_participation,5
unpaid,5
2.26,5
400,5
high-performance,5
ultra-high,5
refresh,5
employ,5
231,5
seamless,5
fully,5
6.5,5
135,5
primary,5
double,5
ﬂuorinated,5
productivity,5
pursuit,5
proactive,5
advice,5
commander,5
dispatch,5
closely,5
epa,5
nearby,5
involvement,5
mail,5
defective,5
news,5
fund-raising,5
inquiry,5
8.35,5
precise,5
setting,5
mitigate,5
trial,5
aesthetic,5
human-machine,5
strength,5
ﬁlled,5
1.3,5
reflect,5
201,5
human_right_policy,5
405,5
corruption,5
appoint,5
across,5
gaming,5
21,5
5th,5
tailor,5
rich,5
kind,5
automatically,5
reading,5
viewing,5
38,5
paul,5
peng,5
today,5
turn-key,5
true,5
expansion,5
strives,5
42,5
registration,5
october,5
convenience,5
slim,5
acceptance,5
broadcast,5
ecosystem,5
vivid,5
object,5
after-sales,5
differentiation,5
curve,5
depth,5
convenient,5
wire,5
mirror,5
several,5
september,5
schedule,5
160,5
flood,5
regard,5
certain,5
168,5
vote,5
ofﬁcers,5
qualification,5
secretariat,5
respectively,5
short-term,5
mentor,5
dna,5
co2,5
wef,5
avoid,5
business_continuity_plan,5
immediately,5
minimize,5
belt,5
bill,5
subsequent,5
brief,5
handling,5
separation,5
unexpected,5
confidential,5
income,5
general_data_protection_regulation,5
personal_data,5
classroom,5
correct,5
chip,5
assembly,5
reward,5
observe,5
localized,5
non-compliance,5
red,5
non-conformities,5
sheet,5
ethic,5
discrimination,5
planet,5
temporary,5
refers,5
consume,5
product_life_cycle,5
volatile,5
sewage,5
meter,5
oxygen,5
hazardous_waste,5
formulate,5
countermeasure,5
adaptive,5
sufficient,5
exclude,5
believe,5
entire,5
besides,5
transition,5
pricing,5
fuel,5
aviation,5
methodology,5
estimated,5
125,5
mileage,5
enms,5
grasp,5
official,5
l/s,5
cvd,5
ﬁelds,5
rest,5
lot,5
forest,5
carnival,5
concentration,5
absorption,5
tower,5
ion,5
toc,5
owwr,5
ultra,5
exhaust,5
compressor,5
cross,5
soil,5
6.66,5
radiation,5
transmit,5
169,5
ppi,5
bond,5
bonding,5
childcare,5
technician,5
163,5
assignment,5
art,5
season,5
creative,5
ball,5
star,5
kiln,5
cherry,5
p.144,5
p.108,5
p.114,5
label,5
partition,5
3.6.1,4
supplier_sustainability,4
4.3,4
110,4
1.1,4
happy,4
141,4
144,4
152,4
corrigendum,4
26000,4
177,4
global_compact,4
iso14064,4
isae,4
3000,4
182,4
2004,4
adoption,4
option,4
december,4
publication,4
wealth,4
maker,4
dow_jones_sustainability_index,4
sdg_17,4
fulfil,4
lifestyle,4
shift,4
publicly,4
sustainability_performance,4
retain,4
judge,4
second,4
yearly,4
170,4
co-,4
story,4
mini,4
2nd,4
province,4
provincial,4
preferred,4
standardized,4
farm,4
proportion,4
131,4
grant,4
quota,4
heat,4
dissipation,4
conﬂict,4
guarantee,4
peace,4
48,4
846,4
cumulatively,4
in-depth,4
text,4
progressively,4
academia,4
ngos,4
deployment,4
extension,4
affirmation,4
environmental_impact,4
regional,4
query,4
customer_privacy,4
photo,4
convention,4
campus,4
correspondence,4
sponsorship,4
compile,4
157,4
150,4
noise,4
meal,4
406,4
priority,4
reputation,4
simple,4
intuitive,4
mention,4
fall,4
pilot,4
demonstration,4
summit,4
alternative,4
disruption,4
equal_opportunity,4
regardless,4
childbirth,4
full-spectrum,4
empower,4
fact,4
102,4
302,4
403,4
411,4
fundamental,4
205,4
suppor,4
net,4
financial_information,4
signing,4
commence,4
ppm,4
strip,4
fusion,4
dedicated,4
consistent,4
transparent,4
desktop,4
column,4
maximize,4
facilitate,4
successful,4
semiconductor,4
composition,4
attribute,4
transistor,4
optoelectronics,4
acquire,4
dedicate,4
portfolio,4
enhancement,4
conservation,4
lay,4
kaohsiung,4
u-fresh,4
healthcare,4
280,4
ttla,4
thinness,4
endurance,4
high-definition,4
camera,4
exciting,4
spur,4
ordinary,4
scene,4
realistic,4
register,4
high-,4
threshold,4
watch,4
july,4
delay,4
grid-connected,4
shorten,4
easily,4
industrial-grade,4
idle,4
fog,4
wind,4
wafer,4
structural,4
flexibility,4
warning,4
small-scale,4
board_member,4
election,4
elect,4
nomination,4
candidate,4
convene,4
diversification,4
liability,4
accountant,4
independence,4
auditor,4
4th,4
compose,4
counter,4
comprise,4
allowance,4
abnormal,4
backup,4
earthquake,4
alert,4
completely,4
soon,4
intelligence,4
upgrade,4
cash,4
safeguard,4
firefighting,4
strike,4
preventive,4
along,4
chairperson,4
compromise,4
architecture,4
self-,4
forecast,4
examination,4
24-hour,4
probability,4
protective,4
90.0,4
transaction,4
insider,4
warranty,4
illegal,4
investigate,4
violate,4
data_protection,4
pas,4
company-wide,4
648,4
diesel,4
1.02,4
clearly,4
resolve,4
deﬁnition,4
non-localized,4
permit,4
vehicle,4
away,4
another,4
freedom,4
inadequate,4
ineffective,4
exclusion,4
gpars,4
store,4
collective,4
92.29,4
stripper,4
12,4
34,4
27,4
nitrogen,4
pure,4
sengin,4
depletion,4
inch,4
29,4
entity,4
cooperative,4
synchronously,4
develop-,4
extreme_weather,4
initiate,4
young,4
occurrence,4
signiﬁcantly,4
quantification,4
parameter,4
quantify,4
dependence,4
2003,4
eca,4
14064-1,4
port,4
newly,4
eda,4
rear,4
dre,4
clearance,4
modify,4
competence,4
water_quality,4
valve,4
achievement_rate,4
-oh,4
pipeline,4
low-copper,4
cleaner,4
detergent,4
impurity,4
6.2,4
longer,4
surface,4
qualified,4
subsequently,4
crop,4
unnecessary,4
light-emitting,4
diode,4
in-cell,4
uneven,4
tr.,4
apsa,4
uniform,4
ink,4
jet,4
printing,4
whole,4
pallet,4
layout,4
cd-free,4
two-way,4
disability,4
sapling,4
174,4
drainage,4
completion,4
re-design,4
assistant,4
alc,4
started,4
guest,4
aid,4
agent,4
handicraft,4
recipient,4
perpetual,4
choose,4
safe,4
merchant,4
book,4
musculo-skeletal,4
ito,4
lifting,4
brake,4
fab,4
fail,4
respiratory,4
beauty,4
april,4
yuan,4
museum,4
honest-intelligence,4
p.74,4
ofﬁcially,4
p.92,4
p.141,4
p.120,4
3.2.1business,3
4.1.2,3
4.1.6,3
104,3
4.3.2,3
4.3.3,3
4.4,3
1.2.1,3
1.2.2,3
profile,3
2.1.1,3
123,3
129,3
134,3
139,3
5.6.1,3
146,3
5.6.2,3
5.6.3,3
180,3
summary,3
181,3
third,3
sit,3
14064,3
certiﬁcations,3
click,3
address,3
no.1,3
email,3
accumulated,3
would,3
acquisition,3
row,3
bcm,3
soft,3
hard,3
win-win,3
era,3
thinking,3
cso,3
annual_target,3
listen,3
6th,3
non-financial,3
found,3
layer,3
align,3
eco-system,3
inﬂuence,3
longstanding,3
employee_care,3
currently,3
magazine,3
prestigious,3
distinction,3
platinum,3
social_inclusion,3
contest,3
microscopic,3
audience,3
authorization,3
finding,3
consulting,3
safety_management_system,3
november,3
pain,3
incubator,3
logistics,3
men,3
145,3
1.35,3
2.5,3
26,3
wide-gamut,3
error,3
speciﬁcations,3
5-years,3
global_partnership,3
539,3
nation,3
conserve,3
shopping,3
high-efﬁciency,3
low-,3
climate-related,3
resilient,3
industry-,3
youth,3
employee_engagement,3
everything,3
eco-sphere,3
secretary,3
inside,3
cultural_heritage,3
resident,3
clarify,3
ngo,3
frequent,3
whose,3
shaping,3
counsel,3
restrict,3
shipping,3
reservoir,3
wow,3
brieﬁngs,3
deputy,3
620,3
956,3
distribute,3
40,3
188,3
catering,3
prioritize,3
consist,3
card,3
match,3
identified,3
extended,3
answer,3
matrix,3
trans-functional,3
350w,3
designated,3
deﬁne,3
pcb,3
stitch,3
27001,3
66,3
spiritual,3
fear,3
maximum,3
308,3
305,3
303,3
306,3
404,3
412,3
407,3
202,3
anti-,3
gear,3
accurate,3
conﬁguration,3
smarter,3
roll-out,3
resource_management,3
220,3
55,3
lexicon,3
bright,3
streamline,3
web,3
instead,3
hong,3
professor,3
invitation,3
orientation,3
peer,3
dow,3
jones,3
august,3
1996,3
poly-silicon,3
emit,3
ofﬁce,3
2001,3
consolidated,3
software/hardware,3
gather,3
correctly,3
constantly,3
merger,3
alcd,3
value-added,3
high-value,3
landscape,3
mega,3
edgetech,3
810,3
electronics,3
310,3
administrative,3
burden,3
nyse,3
meant,3
saturation,3
transit,3
advertising,3
computing,3
a-si,3
pace,3
dim,3
optimal,3
conjunction,3
truly,3
cater,3
airport,3
outdoor,3
niche,3
high-resolution,3
shape,3
entertainment,3
product_development,3
narrow-bezel,3
ultra-low,3
detailed,3
segment,3
complement,3
appearance,3
ubiquitous,3
everyday,3
15.6,3
nano,3
print,3
upper,3
constraint,3
trendforce,3
march,3
developer,3
middle,3
attract,3
wholesale,3
cool,3
rooftop,3
ground-based,3
client,3
route,3
ﬂoating,3
pond,3
salt,3
inherent,3
optimized,3
post,3
entitle,3
agenda,3
write,3
sustainability-linked,3
social_impact,3
duration,3
enjoy,3
291,3
428,3
9,3
710,3
division,3
import,3
9th,3
directorship,3
yen-shiang,3
shih,3
iii,3
coverage,3
internal_control_system,3
cgo,3
mr.,3
median,3
2.46,3
divide,3
tier-1,3
chair,3
documentation,3
coordination,3
explore,3
by-product,3
tiered,3
stability,3
habit,3
spill,3
happen,3
eliminate,3
random,3
initial,3
weakness,3
step,3
clean-up,3
instruction,3
strain,3
normal,3
seat,3
mask,3
consolidate,3
machinery,3
airline,3
notiﬁcation,3
upgrading,3
continual,3
immediate,3
lack,3
confidentiality,3
adhere,3
strict,3
improper,3
exploit,3
anonymous,3
disciplinary,3
intranet,3
specifically,3
district,3
laptop,3
190,3
speciﬁc,3
co2e/m2,3
non-hazardous,3
17,3
entry-level,3
1.14,3
1.07,3
1.08,3
deal,3
96.1,3
96.9,3
91.1,3
92.1,3
99.2,3
82.3,3
92.7,3
96.8,3
94.0,3
96.6,3
87.0,3
97.0,3
first-tier,3
forth,3
absence,3
required,3
inability,3
labor-related,3
choice,3
deduction,3
buffer,3
follow-up,3
custom,3
yellow,3
significant,3
247,3
occupational_safety,3
overtime,3
wash,3
validate,3
trail,3
electricity-saving,3
much,3
intervention,3
arbor,3
ecology,3
18.2,3
5.9,3
g/m2,3
2022,3
kg/m2,3
187,3
304,3
0.08,3
sulfur,3
74.6,3
coefficient,3
biological,3
sewer-connected,3
discharged,3
2009,3
757,3
056,3
441,3
107,3
mostly,3
pulse,3
3.14,3
epeat,3
climate_change_management,3
modern,3
cope,3
confirmation,3
voluntary,3
obligation,3
rainfall,3
1.manufacturing,3
low-energy,3
internally,3
lease,3
thinner,3
solvent,3
dust,3
vca,3
icao,3
toward,3
life_cycle,3
independently,3
progressive,3
sf6,3
rear-end,3
recently,3
combined,3
truck,3
formula,3
recyclable,3
revision,3
e-learning,3
979,3
carbon_disclosure_project,3
sponsor,3
cross-strait,3
o'right,3
15th,3
0.47,3
effluent,3
standby,3
overflow,3
sterilization,3
circulate,3
drain,3
oxidize,3
finally,3
sand,3
originally,3
instrument,3
ﬁnd,3
8.5,3
root,3
decompression,3
pipe,3
molybdenum,3
mixing,3
decree,3
real,3
dispose,3
deposition,3
naoh,3
settle,3
regenerated,3
scrubber1,3
possibility,3
incinerate,3
0.02,3
1.36,3
coat,3
authorize,3
capable,3
requisition,3
procedures,3
lysis,3
oil,3
potassium,3
agriculture,3
condensation,3
micro-led,3
compete,3
multi-functions,3
differentiate,3
dose,3
signal,3
physician,3
fpc,3
thickness,3
itp,3
2.5um,3
psa,3
+15.7,3
keel,3
uniformly,3
expensive,3
limitation,3
255,3
smooth,3
frame,3
pid,3
automation,3
360,3
mdl,3
excite,3
cadmium,3
rohs,3
prove,3
craft,3
philippine,3
enthusiastically,3
728,3
workforce,3
engineer,3
124,3
fell,3
cross-disciplinary,3
thorough,3
graduation,3
in-semester,3
jumpstart,3
typeset,3
attitude,3
accidentally,3
lecturer,3
appreciation,3
appreciate,3
tip,3
speech,3
basketball,3
lohas,3
pick,3
religion,3
marital,3
1.57,3
0.91,3
1.05,3
0.98,3
deposit,3
8000,3
504,3
clothing,3
harmonious,3
opening,3
dance,3
preservation,3
artist,3
feast,3
191,3
festive,3
volunteering,3
stall,3
turkey,3
catcher,3
hypertension,3
medicine,3
cpr,3
anomaly,3
caring,3
roller,3
shielding,3
crush,3
oxide,3
trimming,3
ﬁnal,3
occur,3
vein,3
money,3
companionship,3
planting,3
179,3
opto-,3
guided,3
fuke,3
walk-study,3
nmns,3
one-day,3
curriculum,3
experiment,3
blossom,3
visually,3
seasonal,3
county,3
clock,3
grower,3
pear,3
630,3
plum,3
standatds,3
cease,3
reinforcement,3
internal_control,3
defect,3
police,3
qualiﬁcations,3
penalty,3
compulsory,3
3.23,3
0.1,3
international_organization_for_standardization,3
charge,3
exclusive,3
rtp,3
nitto,3
stimulate,3
3.2,2
3.2.2,2
4.1.1,2
4.1.3,2
4.1.5,2
4.1.7,2
109,2
111,2
1.2.4,2
3.1,2
128,2
5.3.1,2
5.4.3,2
137,2
148,2
149,2
5.6.4,2
155,2
156,2
159,2
178,2
brochure,2
edition,2
global_reporting_initiative,2
internationally,2
corresponding,2
sgs,2
annually,2
li-hsin,2
telephone,2
auo.com,2
despite,2
thank,2
weather,2
john,2
stake,2
fruit,2
paris_agreement,2
novel,2
previously,2
covid-19,2
pandemic,2
nevertheless,2
boundless,2
consensus-building,2
merge,2
cop,2
strengthening,2
motivation,2
tree-planting,2
re-organized,2
instill,2
e-newsletters,2
notification,2
networking,2
closer,2
systematically,2
reinforce,2
popularity,2
though,2
ecovadis,2
vigeo,2
performer,2
ftse,2
accolade,2
chung,2
hua,2
silver,2
grassroots,2
institute,2
sustainable_energy,2
sustainable_water_management,2
beautiful,2
winner,2
co-organized,2
equitable,2
people-centric,2
stafﬁng,2
staffing,2
underwent,2
thinning,2
automate,2
honest-intelligent,2
opto-electronic,2
758,2
affordable,2
clean_energy,2
economic_growth,2
half-cut,2
bilateral,2
nanoimprint,2
tile,2
reflectance,2
sdg12,2
certiﬁcate,2
sdg13,2
justice,2
sdg17,2
multi-channel,2
environmental_issue,2
threat,2
spearhead,2
renewable,2
ﬁnance,2
fulﬁlled,2
commodity,2
holistic,2
gallup,2
q12,2
photovoltaic,2
utility,2
sufﬁcient,2
visualization,2
ﬂexible,2
reality,2
5.93,2
40.2,2
long-,2
hundred,2
simulation,2
competent,2
organizer,2
influential,2
bulletin,2
environmental_management,2
imagery,2
lunar,2
hotlines,2
auoer,2
factory/department,2
475,2
287,2
applicability,2
prioritization,2
sub-issues,2
grows,2
voltage,2
install,2
ai-enabled,2
smart_grid,2
forecasting,2
base-load,2
collaborative,2
projects/year,2
7.7,2
kw/196kwh,2
technologies/high-value,2
leap,2
indoor,2
hacker,2
virus,2
infection,2
person-days,2
empowerment,2
accurately,2
extent,2
415,2
204,2
414,2
rapid,2
301,2
ser,2
417,2
408,2
409,2
labor-,2
402,2
203,2
413,2
//auo.com,2
institutional,2
particularly,2
reﬁned,2
streamlined,2
specify,2
high-end,2
17.3,2
m3/m2,2
mwh,2
900,2
997,2
tmah,2
0.4,2
inclusive_economic_growth,2
earnings,2
graphic,2
inspiration,2
motif,2
reﬂect,2
viewer,2
style,2
browser,2
window,2
copyright©,2
suggest,2
conformity,2
discipline,2
relative,2
irreplaceable,2
encouragement,2
inc.,2
ofﬁcer,2
depend,2
high-level,2
willing,2
thought,2
participant,2
coo,2
frank,2
acer,2
unipac,2
2000,2
posse,2
equip,2
low-volume,2
high-mix,2
reliable,2
nursing,2
honesty,2
hand-in-hand,2
passion,2
thing,2
adt,2
bezel-less,2
car,2
all-round,2
g3.5,2
malaysia,2
556,2
space4money,2
retailing,2
aiot,2
icaas,2
tdua,2
350,2
070,2
890,2
roc,2
35,2
316,2
56,2
033,2
dsma,2
sec,2
flat-panel,2
internet-of-things,2
reliant,2
internet_access,2
slimness,2
2-in-1,2
mobility,2
tokyo,2
olympics,2
7680,2
4320,2
compression,2
evolve,2
wide-color,2
curved/fully,2
movie,2
apps,2
display-area,2
lightness,2
full-screen,2
increased,2
kiosk,2
emergence,2
large-size,2
general-,2
tsunami,2
thanks,2
playback,2
venture,2
harness,2
leading,2
reflectivity,2
ultra-narrow,2
premium,2
interior,2
characterize,2
customization,2
black,2
ahva,2
hyper-viewing,2
ultra-thin,2
classic,2
wrist,2
excess,2
wireless,2
proprietary,2
replaces,2
overcame,2
out-cell,2
bnef,2
brazil,2
india,2
decline,2
distributed,2
energytrend,2
tender,2
lower,2
6.5gw,2
ever,2
epc,2
contracting,2
exceptional,2
42mw,2
ﬂood,2
resistant,2
moisture,2
block,2
rely,2
mono-crystalline,2
humidity,2
monocrystalline,2
microgrid,2
overcome,2
concentrate,2
impair,2
next-generation,2
baseline,2
economic_development,2
usually,2
sustainable_value,2
603,2
410,2
076,2
687.9,2
009,2
large-sized,2
117,2
166.6,2
164,2
111.8,2
114.8,2
108.2,2
561,2
anti-trust,2
fine,2
931,2
deficiency,2
incorporation,2
cap,2
one-third,2
chen,2
yen-hsueh,2
corporate_governance_report,2
charter,2
explicit,2
supervise,2
certified,2
tpex,2
listed,2
commit-,2
tee,2
convener,2
governance_committee,2
hoc,2
serving,2
compensation_policy,2
aside,2
administrator,2
correlate,2
decide,2
highest-to-median,2
multiplier,2
0.22,2
formally,2
functional,2
sub-,2
medium-term,2
former,2
latter,2
inappropriate,2
bottom,2
imbalance,2
termination,2
ﬁxed,2
bad,2
minor,2
outsource,2
simulate,2
night,2
20th,2
anniversary,2
evacuation,2
high-tech,2
rescue,2
defense,2
drop,2
reaction,2
infectious,2
worsen,2
confident,2
containment,2
contingency,2
preparedness,2
inter-regional,2
timeliness,2
e-newsletter,2
distancing,2
elevator,2
eap,2
hire,2
registry,2
bottleneck,2
hosting,2
pose,2
tech,2
production-related,2
shutdown,2
linkage,2
passive,2
kong,2
improved,2
e-mail,2
bec,2
discover,2
mastery,2
disconnect,2
activation,2
aware,2
log,2
dispute,2
offset,2
statute,2
recover,2
proﬁts,2
bind,2
bribery,2
extortion,2
remind,2
advocate,2
unethical,2
fairness,2
492,2
whistle,2
pertinent,2
litigation,2
affiliate,2
front-line,2
privacy,2
reminder,2
unlawful,2
operator,2
real-world,2
formation,2
2.set,2
313,2
specialize,2
acrylic,2
pmma,2
259,2
esh,2
4.61,2
105,2
lpg,2
514,2
499,2
47,2
611,2
659,2
0.18,2
invention,2
▌customer,2
sort,2
urgent,2
on-time,2
benchmark-setting,2
unlimited,2
absent,2
implication,2
localize,2
count,2
profession,2
transform,2
generational,2
surge,2
commonality,2
outline,2
fill,2
118,2
189,2
383,2
194,2
waste_management,2
aggregation,2
associate,2
tin,2
diligence,2
observer,2
modification,2
particular,2
five-year,2
celebration,2
corporate_responsibility,2
111.22,2
adjoin,2
1.01,2
▌environmental,2
wastewater_treatment,2
photoelectric,2
31,2
1.42,2
95,2
97,2
90.00,2
photoresist,2
array,2
aluminum,2
etchant,2
340,2
215,2
716,2
self,2
33,2
32,2
25,2
ground,2
self-generated,2
tie,2
196,2
325,2
173,2
0.09,2
0.11,2
tonnes,2
voc,2
republic,2
24,2
demand13,2
475.73,2
67,2
080.28,2
self-discharge,2
sewer,2
recurrent,2
116,2
870,2
930,2
430,2
944,2
50,2
880,2
45,2
227,2
232,2
886,2
005,2
161,2
001,2
967,2
etc.,2
allocation,2
carbon_tax,2
prediction,2
settlement,2
breadth,2
tftlcd,2
climate_change_mitigation,2
oneself,2
strategically,2
climate_mitigation,2
embed,2
generalized,2
intensive,2
climatic,2
low-energy-consumption,2
enterpris-,2
trust,2
low_carbon,2
convergence,2
complex,2
grouping,2
typhoon,2
pattern,2
unstable,2
severe,2
2.facility,2
2.research,2
4.procurement,2
5.energy,2
focused,2
one-on-one,2
instruct,2
first-level,2
ﬂoods,2
instability,2
green_building,2
willingness,2
mid,2
officially,2
commuting,2
2007,2
47.7,2
expected,2
51.3,2
8.1,2
commute,2
empty,2
768,2
bus,2
calculator,2
455,2
systematize,2
accuracy,2
momentum,2
civil,2
synchronize,2
internalization,2
2024,2
356.9,2
331,2
successively,2
phased,2
fluorinated,2
gwp,2
destructive,2
back-end,2
epms,2
roof,2
speciﬁed,2
465,2
847,2
345,2
564,2
express,2
container,2
inner,2
repeated,2
recycled,2
scratch,2
collision,2
92.63,2
543,2
91.50,2
relatively,2
725,2
0.386,2
607,2
payback,2
esco,2
substantial,2
250,2
983,2
453,2
jinhua,2
2030,2
cancellation,2
square,2
denominator,2
difficult,2
although,2
0.43,2
efficacy,2
membrane,2
365,2
water-saving,2
spray,2
photocatalyst,2
sterilizer,2
lamp,2
106,2
adsorb,2
10th,2
cln,2
det,2
ultimately,2
chamber,2
rebuild,2
equidistant,2
non-equidistant,2
133,2
relevance,2
shut,2
dual,2
high-speed,2
centrifugal,2
tube,2
alarm,2
tail,2
burning,2
powder,2
particulate,2
white,2
circulation,2
regulate,2
polymer,2
precipitation,2
stop,2
burner,2
l5d,2
incineration,2
burial,2
czech,2
1.88,2
payment,2
auhq,2
residual,2
processor,2
mixed,2
economically,2
nutrient,2
farmland,2
trace,2
silicon-containing,2
magnesium,2
conditioning,2
dehydration,2
filtrate,2
113,2
mfca,2
indirectly,2
backplane,2
led,2
implantation,2
luminous,2
diagnosis,2
generator,2
entry,2
12.1-inch,2
115,2
tddi,2
speak,2
accompany,2
aperture,2
edge,2
spring,2
2.8um,2
height,2
redesign,2
evaporation,2
ijp,2
booth,2
ice,2
wisdom,2
venue,2
solder,2
arsenic,2
cadmium-free,2
blue,2
specially,2
house,2
controlled,2
nationality,2
elderly,2
alone,2
1.29,2
fundraising,2
person-times,2
122,2
0.33,2
maternal,2
work-life,2
equality,2
947,2
576,2
418,2
foreman,2
non-ﬁxed-term,2
153,2
fixed-,2
part-time/interns,2
853,2
223,2
857,2
158,2
911,2
136,2
055,2
rather,2
experimental,2
3-stage,2
expatriate,2
rotation,2
horizon,2
achieve-,2
ments,2
judging,2
pioneer,2
front-line-engineers,2
prospect,2
re-defining,2
generous,2
ceremony,2
enrich,2
0.3,2
095,2
5there,2
management-role,2
dean,2
e-course,2
quickly-30,2
e-course-15,2
lesson,2
office2013,2
voice,2
ctrip,2
crawler,2
5-8,2
refresher,2
presentation,2
micro-learning,2
departmental,2
seniority,2
work-related,2
correlation,2
golden,2
quality_of_life,2
cuisine,2
journey,2
heart-warming,2
eye,2
often,2
ethnicity,2
standard-to-local-minimum-,2
1.06,2
n/a12,2
0.86,2
014,2
subordinate,2
explicitly,2
supervisory,2
exemption,2
9.15,2
4.5,2
9.3,2
cpf,2
provident,2
re-instated,2
vulnerable,2
physical/mental,2
apart,2
anti-discrimination,2
7885,2
town,2
hall,2
cadre,2
tea,2
marriage,2
funeral,2
disburse,2
semester,2
680,2
pingtung,2
ancient,2
bamboo,2
founder,2
hometown,2
specialty,2
soccer,2
character,2
marathon,2
mile,2
307,2
amazing,2
enthusiasm,2
chance,2
peripheral,2
concert,2
tasting,2
themed,2
mysterious,2
hospital,2
promoting,2
risk_management_system,2
wellness,2
frequently,2
impose,2
medication,2
bone,2
aed,2
first-aid,2
wlc,2
hygiene,2
eventually,2
walk,2
abc,2
namely,2
hidden,2
mechanical,2
sustained,2
switch,2
crushing,2
ﬁlter,2
hydroxide,2
indium,2
dump,2
rotate,2
semi-assembly,2
carton,2
smoke,2
9.79,2
11.5,2
amputate,2
troubleshoot,2
checklist,2
0.38,2
0.57,2
0.44,2
0.56,2
7.46,2
fracture,2
amend,2
ﬁnger,2
3.employee,2
foot,2
absentee,2
sick,2
wear,2
respirator,2
non-construction,2
confusion,2
gate,2
brush,2
▌actual,2
enthusiastic,2
pavilion,2
heart,2
21-day,2
petition,2
dad,2
heritage,2
booking,2
industry-university,2
adult,2
dadu,2
mountain,2
nioumatou,2
harmony,2
rain,2
north,2
south,2
survival,2
flower,2
impaired,2
troubled,2
14th,2
nominate,2
2002,2
dream,2
jinshan,2
shelter,2
nantou,2
st.,2
750,2
690,2
420,2
mid-autumn,2
sanctuary,2
haibin,2
ecological,2
ceramic,2
garden,2
sculpture,2
dine,2
shantou,2
premiere,2
confidence,2
correction,2
0.54,2
tcga,2
lbg,2
index-,2
ownership,2
format,2
4.governance,2
describe,2
corporate_sustainability_committee,2
presently,2
financial_statement,2
interpret,2
deﬁning,2
p.155,2
p.44,2
p.97,2
/p.108,2
p.109,2
deﬁned,2
aborigine,2
infringement,2
clause,2
3.3.,2
labeling,2
infringe,2
miss,2
4.4.1green,2
0.04,2
apr,2
560,2
736,2
472,2
turnover,2
2.36,2
3.15,2
19.35,2
age/gender/region,2
year/,2
complicit,2
p.130,2
dialogue,2
restoration,2
sustainable_consumption,2
p.149,2
14046,2
production-,2
cross-unit,2
wiring,2
self-developed,2
certiﬁcates,2
combination,2
persons/times,2
exert,2
polarizers,2
ﬁlm,2
1000,2
nano-optical,2
8-inch,2
12-inch,2
pair,2
sampling,2
-improvement,2
arouse,2
micro-,2
happening,2
scientiﬁc,2
grand,2
undertaking,2
﻿copyright©,1
3.2.3,1
3.6.3,1
5.2.1,1
5.2.2,1
5.3.2,1
5.5.1,1
statemen,1
issues-11,1
compilation,1
gri-g3,1
gri-g4,1
standards1,1
entirely,1
prepared,1
strategies/activities,1
estimation,1
ﬁrm,1
monetary,1
dollar,1
veriﬁed,1
dnv,1
14001,1
ohsas,1
18001,1
assurance,1
1the,1
hesitate,1
homepage,1
+886-3-500-8800,1
//www.auo.com/en-global,1
unsettled,1
downturn,1
embark,1
shoulder-to-shoulder,1
challenging,1
tartan,1
spatial,1
ryan,1
adlink,1
tenth,1
gei,1
bore,1
value-adding,1
nowhere,1
reeling,1
politics,1
steady,1
mankind,1
hinge,1
inject,1
fast-changing,1
exact,1
projection,1
kpis,1
widespread,1
fine-tune,1
gene,1
employees.for,1
faith,1
re-examine,1
background.a,1
pamphlet,1
anchor,1
punctually,1
cognition,1
paradigm,1
reﬁne,1
morgan-stanley,1
msci,1
american,1
gender-equality,1
medal,1
eiris,1
pillar,1
oekom,1
rat,1
prime,1
garner,1
tally,1
chinese-speaking,1
ticipation,1
taise,1
tenant,1
landscaping,1
selects,1
diet,1
chr,1
pricewaterhousecoopers,1
cannes,1
lion,1
delicate,1
breathtakingly,1
tenacity,1
penetrate,1
commonwealth,1
honor,1
zifeng,1
fifeng,1
provincial-level,1
20xiamen,1
prefer,1
zhaopin,1
com,1
beijing,1
brand-name,1
shortlist,1
standardize,1
scientific,1
experienced,1
ﬁnally,1
role-model,1
water_recycling,1
role-models,1
emulate,1
earn,1
smar,1
manufactur,1
ing,1
depar,1
tment,1
tnered,1
sdg1,1
poverty,1
sdg2,1
hunger,1
sdg3,1
sdg4,1
824,1
379,1
rand,1
healthh,1
sdg5,1
sdg6,1
clean_water,1
sanitation,1
.29,1
998,1
sdg7,1
172mw,1
sdg8,1
decent_work,1
products:108,1
small-to-medium,1
sdg9,1
fully-ﬂat,1
bezel-free,1
roduct,1
industry-leading,1
sdg10,1
inequality,1
activitiees,1
sdg11,1
xxx,1
sdg16,1
deﬁciencies,1
92.36,1
543kg,1
shor,1
2019.for,1
enjoyable,1
combat,1
life-cycle,1
tone,1
ally,1
eight-fold,1
feasible,1
plan-do-,1
check-act,1
basic_education,1
develo,1
pment,1
（gap,1
field）,1
equal-,1
value-chain,1
ﬁndings,1
internet-of-,1
ioe,1
perfect,1
22.6,1
10.3,1
49.5,1
26.,1
aa1000ses,1
▌1.2.2,1
front-,1
consensus-,1
informal,1
routinely,1
participa-,1
co-creation,1
acknowledgment,1
mercury,1
seven,1
surveillance,1
praise,1
well-received,1
coexist,1
yeo-yuan-ju,1
purification,1
misunderstand,1
clarification,1
radar,1
mood,1
_display,1
_energy,1
placid,1
collaboration/industry-university,1
central/local,1
analyst,1
park/administration,1
personality,1
afﬁrmation,1
footprints,1
annotate,1
idea,1
328,1
water_pollution,1
shihmen,1
corporates,1
pres,1
-environmental,1
csr-related,1
brieﬁng,1
websites,1
941,1
327,1
locally-grown,1
wheel,1
▌1.2.3,1
identifyingandrespondingtomaterialtopics,1
4-step,1
benchmarks,1
lssues,1
sustainability_management,1
ticking,1
value-add,1
sub-items,1
delete,1
enterprise/customer,1
impact_report,1
glass-substrate,1
re-,1
activism,1
isk,1
1.2.2concrete,1
mar,1
ket,1
oppor,1
tunities,1
reduction/,1
substitution,1
gri306,1
gri416,1
oye,1
proﬁtability,1
iendly,1
labo-,1
char,1
ity,1
tnership,1
cfo,1
17.7,1
subsidiaries1,1
fr=0.24,1
backlit,1
msi,1
creator,1
imaging/photography,1
1includes,1
0.0218,1
0.0193,1
060,1
1.86,1
9.2,1
4.1climate,1
0.5,1
210,1
39,1
608,1
tmha,1
2.38,1
54,1
976,1
sustainability-materials,1
27.7,1
▌1.2.4,1
cue,1
one-button,1
csr_data,1
inclusive_workplace,1
newsroom,1
download,1
ﬁles,1
responsive,1
rwd,1
simpliﬁed,1
saw,1
corporate_value,1
talk,1
value_creation,1
multi-indexes,1
taking,1
well-defined,1
measurable,1
achievable,1
shu-min,1
chengchi,1
tzer-shin,1
asustek,1
chou,1
kuang-chun,1
stephen,1
pao,1
yuh-ming,1
723,1
49.25,1
295,1
020,1
14.5,1
constituent,1
▌sizeoforganization,1
96.24billion,1
▌globalleaderofvalue-addedoptoelectronicsolutions,1
later,1
268.79,1
span,1
▌innovativedisplaytechnologiesandproducts-commitmenttocreatinghighervalue,1
3.5g,1
8.5g,1
customized,1
value.auo,1
▌extendingcoreadvantagesintonewbusinesses-pv,1
bighealthandcirculareconomy,1
connectivity,1
sustainability-related,1
▌pursuitofexcellenceandsustainability,1
▌corporatevision,1
missionandcorevalues,1
amaze,1
care_for_society,1
b2b,1
walking,1
e2e,1
efficiently,1
arts,1
photonics,1
founding,1
quanta,1
initiation,1
forerunner,1
circle,1
all-in-one,1
1999-2015,1
g8.5,1
fabs,1
▌keymilestones,1
▌globaloperations,1
france,1
hungary,1
italy,1
manufacuring,1
linkou,1
milpitas,1
mexico,1
holland,1
thailand,1
unite,1
▌valuechainintegrationandextension,1
▌highlightsoftheyear,1
documentary,1
reportage,1
▌organizationmembershipanddues,1
tcsf,1
0001,1
allied,1
asip,1
sid,1
660,1
8002,1
tlc,1
85,1
vesa,1
tca,1
teema,1
tpvia,1
semi,1
963,1
044,1
3dida,1
turnaround,1
tma-taiwan,1
heavy,1
upkeep,1
agree,1
delist,1
over-the-counter,1
1included,1
2included,1
030,1
ferdinand,1
braun,1
prize,1
▌2.1.1displaybusinessdevelopments,1
tft-lcd3,1
tft4,1
displays.the,1
revolutionize,1
application-layer,1
ultra-large,1
bezel-,1
high-precision,1
multi-zone,1
024,1
high-density,1
super-high,1
seem,1
overwhelm,1
sens,1
exquisite,1
bar,1
message,1
barrier,1
branded,1
3thin,1
4low,1
lineup,1
high-spec,1
success,1
commanding,1
high-brightness,1
water/dust-proofing,1
form-factor,1
after-,1
satellite,1
navigation,1
general-purpose,1
specialized,1
product_life,1
audio-video,1
ultra-brightness,1
blacker,1
brighter,1
richly,1
real-estate,1
want,1
enjoyment,1
effor,1
render,1
richest,1
high-display,1
embedded,1
delivers,1
sensitive,1
form-factors,1
energy-efficient,1
semi-transmissive,1
ultra-light,1
energy-efficiency,1
stylish,1
comfort,1
monitor/notebook,1
gamers,1
super-smooth,1
visuals,1
displaygold,1
wgd,1
wired,1
mirror-surface,1
stm,1
attached,1
figure,1
reflective,1
invent,1
pave,1
larged,1
‌classify,1
auo-general‌,1
▌2.1.2pvmarketanalysis,1
121gw,1
108gw,1
spain,1
4.5gw,1
vietnam,1
5.1gw,1
ukraine,1
3gw,1
2.7gw,1
28.1gw,1
11.1gw,1
10.8gw,1
7.8gw,1
either,1
mw-,1
531,1
explosion,1
take-up,1
australia,1
rebound,1
37gw,1
45gw,1
plenty,1
tariff,1
21gw,1
east,1
bountiful,1
activ,1
underway,1
uae,1
saudia,1
gulf,1
council,1
gcc,1
bahrain,1
kuwait,1
oman,1
1gw,1
ahead,1
two-year,1
3.8gw,1
adjusted,1
grid-connection,1
lead-time,1
297mw,1
99mw,1
hot,1
955mw,1
550mw,1
slight,1
impor,1
tant,1
destination,1
3.2gw,1
mono,1
crystalline,1
weather-resistant,1
sustainable_power,1
residential,1
eco-systems,1
float,1
customize,1
reap,1
high-voltage,1
12mw,1
taipower,1
generating,1
10.5mw,1
ponds,1
liouying,1
4.5mw,1
dianbao,1
river,1
shanzidinggo,1
2mw,1
bitang,1
harsh,1
ground-base,1
guanmiao,1
landﬁll,1
3.5mw,1
rugged,1
335w,1
60-panel,1
perc,1
climate-resistance,1
french,1
cre,1
generation/storage,1
micro-grid,1
inconsistency,1
dispatching,1
dynamically,1
5eupd,1
sustainable_management,1
gmbh,1
advancedhighlyperformancepvmodules,1
rounded,1
ribbon,1
micro-cracks,1
over-shadowing,1
19.8,1
superior,1
shade,1
reduces,1
briefing,1
inform,1
general_meeting,1
unbalanced,1
supply-and-demand,1
▌sustainability-linkedloans,1
firm,1
borrowing,1
environmental_performance,1
earmark,1
socio-economic,1
enduring,1
dbs,1
pre-agreed,1
▌annualrevenueandshipments,1
019,1
892.6,1
27.56,1
45.79,1
91.05,1
32.56,1
17.55,1
2.23,1
6amount,1
medium-sized,1
220.9,1
113.5,1
187.5,1
114.5,1
154.5,1
123.2,1
152.5,1
170.7,1
172.8,1
154.0,1
168.85,1
131.0,1
082,1
785,1
797,1
682,1
116.9,1
105.7,1
110.5,1
value.,1
sign-up,1
self-assess-,1
verifica-,1
steer,1
evaluates,1
industrial/commercial,1
ﬁnished,1
manages,1
procedural,1
▌3.1.1,1
nominated,1
fulfillment,1
length,1
kuen-yao,1
peter,1
chin-bing,1
philip,1
mei-yueh,1
sharon,1
jang-lin,1
objectives,1
renewal,1
recuse,1
cast,1
proxy,1
cross-holding,1
fro,1
vest,1
submission,1
concurrent,1
yu-chih,1
tseng,1
paragraph,1
3-1,1
companies.,1
overseen,1
succession,1
ms.,1
ping-he,1
yang,1
stipulate,1
repayment,1
~30,1
117.45,1
24.12,1
21.05,1
33.07,1
2.53,1
6.27,1
6.76,1
3.36,1
1.97,1
2.19,1
9.26,1
0.85,1
0.19,1
0.82,1
1.52,1
1germany,1
▌3.1.2,1
unveil,1
decade,1
inter-unit,1
cto,1
formulation,1
deciding,1
short/,1
brain-,1
storming,1
qualitative,1
re-use,1
amplify,1
low-car-,1
bon,1
▌3.2.1,1
31000,1
categorize,1
deem,1
us-china,1
servitization,1
repor,1
understood,1
leaking,1
scalable,1
medium-,1
wasting,1
end-user,1
perception,1
acceptable,1
catastrophic,1
timing,1
situation/industry,1
hedge,1
transmissible,1
serous,1
gathering,1
decision-,1
making,1
surprise,1
ert,1
toxic,1
hscp,1
tracked,1
remote-control,1
cannon,1
extinguish,1
bomb,1
unmanned,1
helicopter,1
poison,1
department-level,1
table-top,1
critique,1
realism,1
outbreak,1
coronavirus,1
wuhan,1
sars,1
h1n1,1
cross-,1
chairman/ceo,1
din,1
location/shift,1
back/recovery,1
experts/consultants,1
demanding,1
propaganda,1
mfg,1
scm,1
mitigation/reconditioning,1
disaster_strategy,1
responses（employees、public,1
facilities、communications、data、o,1
m、transportfinance、partnership）,1
availability,1
serviceability,1
uniﬁed,1
temperature/wear,1
mask/,1
cctv,1
push-casting,1
level/proxy,1
business/it,1
calm,1
international_support,1
resource-,1
pedestrian,1
crossing,1
ﬂow,1
customer/external,1
source/backup,1
employee/supervisor,1
ticket,1
hotel/travel,1
coordina-,1
sos,1
payout,1
claiming,1
circum-pacific,1
seismic,1
anti-vibration,1
vibration,1
combustible,1
vibration-proofing,1
accessory,1
consciousness,1
eva,1
cabin,1
attendant,1
anti-extradition,1
protest,1
inconvenienced,1
video-conferencing,1
advisory,1
mofa,1
consular,1
▌3.2.2,1
tier-,1
cio,1
licensing,1
animated,1
incidents,1
spate,1
fraud,1
theft,1
cyber-,1
involved,1
computer/network,1
infected,1
computers/vectors,1
counter-measures,1
offline,1
crucial,1
encrypt,1
partitioning,1
unclear,1
countr,1
legislative,1
necessar,1
beps2,1
beps,1
unable,1
precede,1
waiver,1
2beps,1
erosion,1
shifting,1
reform,1
oecd,1
conducive,1
▌3.2.3,1
80.0,1
70.0,1
60.0,1
50.0,1
-99,1
developments/changes,1
unless,1
similar,1
reinvestment,1
utmost,1
adherence,1
eradicate,1
english-chinese,1
bilingual,1
poster,1
ofﬁces,1
conﬁdentiality,1
refrain,1
borrowing/lending,1
dealing,1
solicit,1
kickback,1
in-kind,1
cheat,1
embezzle,1
steal,1
truthful,1
claim,1
collude,1
conspire,1
pmcv,1
integrity-related,1
71.5,1
misconduct,1
//integrity.ab1.auo.com/,1
reported,1
20193,1
3the,1
pledge,1
spell,1
competitor,1
jurisdiction,1
accuse,1
directorate-general,1
korean,1
manipulation,1
shareholders4,1
financial_position,1
financial_performance,1
4for,1
p.184,1
thereby,1
definition,1
copyright,1
anti-software,1
piracy,1
espionage,1
anti-theft,1
anti-dumping,1
breach,1
mapping,1
data_privacy,1
internation-,1
enforcement,1
obey,1
behave,1
seemingly,1
broaden,1
u.s,1
exception,1
comrade-in-arms,1
completion_rate,1
defines,1
departments,1
punitive,1
bottom-line,1
legislation,1
incentivesand,1
top-down,1
stance,1
1.detection,1
2.auditing,1
3.enhanced,1
1.investigate,1
suspicious,1
unified,1
multi-tiered,1
mix,1
trans-department,1
affiliated,1
concurrently,1
2009/5/22,1
1989,1
shih-hong,1
liao,1
fwu-chyi,1
hsiang,1
335,1
houke,1
lane,1
minsheng,1
daya,1
ingot,1
back-lighting,1
large/,1
small-sized,1
automobile,1
optical-grade,1
back-light,1
wuqi,1
malacca,1
wujiang,1
hefei,1
//www.auocrystal.com/,1
www.darwinprecisions.com,1
521,1
851,1
885,1
83.6,1
81.4,1
supplier_environmental,1
non-infringement,1
1.019,1
16.73,1
12.20,1
65.71,1
041,1
027,1
655,1
68.5,1
9.48,1
477,1
777,1
121,1
815,1
581,1
74,1
co2e/year,1
0.0644,1
238.7,1
93.4,1
v-poly,1
090,1
pellet,1
069.833,1
7.28,1
28.57,1
353,1
tipo,1
uspto,1
acc,1
jiang,1
transnational,1
status.,1
configuration,1
user-end,1
tech-related,1
trusted,1
constitution,1
onboard,1
complain,1
specifica-,1
tions,1
near,1
non-conforming,1
interrup-,1
liaise,1
ting,1
▌supplier,1
gag,1
prosper,1
intermediary,1
supplier/contractor,1
▌3.6.1,1
logistic,1
taiwanese-owned,1
foreign-owned,1
chinese-owned,1
janitorial,1
dumping,1
pregnant,1
trafﬁc,1
congestion,1
explosive,1
multi-source,1
reliance,1
region/scale/vendor,1
resume,1
conclude,1
affected,1
question-,1
naire,1
self-checking,1
integral,1
difficulty,1
standing,1
environmental/safety/health,1
▌3.6.2,1
notify,1
.the,1
threshold.a,1
incomplete,1
environmental_management_system,1
pregnant/nursing,1
u.s.5,1
2019.auo,1
ordering,1
smelter,1
ore,1
origin,1
tantalum,1
tungsten,1
non-conflict,1
collate,1
5auo,1
de-listed,1
parent,1
metallic,1
trigger,1
▌3.6.3,1
tners,1
incidence,1
scott,1
chang,1
tuv,1
rheinland,1
800kw,1
influx,1
out-performed,1
enterprises,1
7in,1
additive,1
educe,1
achievements,1
substantially,1
38.2,1
transmit-,1
tance,1
neutrality-,1
load1,1
1.01g/m2,1
hydroﬂuoric,1
1.31,1
1.58,1
3.25,1
778,1
1only,1
2only,1
▌materials,1
134.50,1
865.90,1
91,1
465.65,1
88.60,1
89.00,1
931.80,1
129.00,1
954.00,1
78,1
320.00,1
80,1
862.30,1
532.00,1
88.55,1
87.80,1
88.74,1
processthinner,1
538.00,1
774.00,1
500.00,1
362.00,1
995,1
966,1
560.00,1
493,1
882,1
802.20,1
900.40,1
913.3,1
energy3,1
948,1
808.80,1
746,1
407.09,1
633.58,1
purchased,1
728.20,1
921,1
349.28,1
637,1
259.09,1
622,1
388.00,1
182.93,1
621,1
292.42,1
904.53,1
511.37,1
468.03,1
diesel4,1
306.30,1
96,1
363.50,1
68,1
614.04,1
481.8,1
107.35,1
280.68,1
964.25,1
735.21,1
955.25,1
393.81,1
455.90,1
773.76,1
water6,1
472.20,1
998.32,1
542.70,1
155.63,1
781.29,1
8.76,1
88.23,1
154.4,1
rainwater,1
18.98,1
19.15,1
21.24,1
685.70,1
207.77,1
412.97,1
rate7,1
90.71,1
91.00,1
power8,1
061.30,1
737.90,1
288.20,1
ghg-related,1
31.7,1
9.86,1
304.59,1
811,1
522,1
ods,1
emissions9,1
oxides10,1
47.3,1
53.8,1
50.1,1
oxide10,1
64.3,1
fluorides11,1
hcl11,1
1.8,1
135.6,1
144.9,1
131.5,1
3energy,1
energy_use,1
liquefy,1
petroleum,1
4the,1
varies,1
52018,1
6the,1
7manufacturing,1
8including,1
9ods,1
odp,1
montreal,1
annex,1
10calculate,1
11calculate,1
12calculate,1
cubic,1
176.30,1
137.6,1
508.57,1
977.5,1
874.8,1
583.05,1
121.7,1
55.7,1
suspend,1
solids13,1
335.5,1
179.4,1
160.52,1
903.20,1
623.40,1
75,1
242.60,1
79,1
349.50,1
shipments14,1
small/medium,1
168.9,1
13the,1
self-treatment,1
14large-size,1
medium-size,1
1.967,1
1.938,1
expenditure15,1
expenditure16,1
pollution_control,1
703,1
072,1
288,1
692,1
627,1
656,1
672,1
457,1
794,1
016,1
892,1
634,1
451,1
589,1
740,1
693,1
770,1
844,1
743,1
207,1
283,1
52,1
739,1
65,1
665,1
59,1
744,1
052,1
934,1
remedy,1
681,1
43,1
309,1
sub-total,1
518,1
021,1
337,1
838,1
253,1
829,1
938,1
679,1
358,1
092,1
270,1
15recurrent,1
16capital,1
capitalize,1
▌4.1.1,1
connotation,1
cherish,1
generalize,1
year-by-year,1
3.57,1
98.88,1
cross-authority,1
updating,1
▌4.1.2,1
▌4.1.3,1
reinsurance,1
greaat,1
urgency,1
proud,1
interna,1
tional,1
authoritative,1
iea,1
irena,1
mckinsey,1
wri,1
sasb,1
identifica,1
intersection,1
thetechnology,1
translation,1
ernst,1
editing,1
popularization,1
market/,1
semi-quantitative,1
likelihood,1
stigmatization,1
uncertain,1
acute,1
proﬁt,1
unusually,1
3.finance,1
4.energy,1
5.esh,1
6.research,1
7.business,1
8.supply,1
3.business,1
6.new,1
7.finance,1
3.logistical,1
6.esh,1
deduce,1
autority,1
quantifiable,1
representa-,1
tiveness,1
manage-,1
implemen-,1
taiton,1
pxx,1
levy,1
policy-making,1
alternative_energy,1
multi-party,1
products/,1
funding,1
equator,1
esg-related,1
▌4.1.4,1
iso14064-1,1
eco-efficiency,1
procured,1
transporta-,1
updated,1
v1.0,1
transporta,1
administra,1
96.86,1
.that,1
11.9,1
aggressive,1
company-level,1
protocal,1
246,1
249,1
273,1
scope1,1
scope2,1
54.3,1
53.4,1
52.8,1
49.2,1
51.9,1
end-of-life,1
premise,1
franchise,1
non,1
self-inventory,1
258,1
barrel,1
574,1
shuttle,1
619,1
writeoff,1
gts,1
ﬂight,1
025,1
one-way,1
sea,1
595,1
emssions,1
quantiﬁcation,1
emmissions,1
motorcycle,1
shippment,1
742,1
004,1
emmission,1
energy-consuming,1
latitude,1
longitude,1
google,1
highway,1
announced,1
shipped,1
introduced,1
pcr,1
purified,1
2023,1
352.9,1
314.4,1
349.1,1
339.3,1
329.7,1
314,1
320.1,1
312,1
310.6,1
▌4.1.5,1
redcution,1
▌4.1.6,1
1.100,1
website_low,1
triﬂuoride,1
nf3,1
hexafluoride,1
tetrafluoride,1
cf4,1
ipcc,1
comprehensively,1
ieee,1
p1680.1,1
56.8,1
0.34,1
untreated,1
front-end,1
f-gas,1
ftir,1
dres,1
evidence,1
auxiliary,1
paramters,1
self-generation,1
243,1
mandate,1
huge,1
graph,1
budgeting,1
measured,1
intermodal,1
901,1
850,1
715,1
haixiahao,1
pingtan,1
inland,1
shanghai,1
branch,1
feeder,1
trailer,1
integrates,1
2.auo,1
incoming,1
2.7,1
except,1
dirty,1
dimensional,1
3.supplier,1
333,1
18the,1
91.57,1
93.11,1
93.04,1
92.00,1
weak,1
internalize,1
mature,1
comparatively,1
impress,1
coefﬁcient,1
kgco2,1
ntd/,1
503,1
0.529,1
0.266,1
0.554,1
0.336,1
0.533,1
three-year,1
areas.22,1
third-,1
logic,1
objectivity,1
22the,1
equivilent,1
gb/t,1
2331-2009,1
=business,1
costunit,1
ntd/ton,1
1.innovation,1
affirm,1
uninterrupted,1
stimulus,1
couple,1
symmetrically,1
feed,1
2.developing,1
multi-element,1
remark,1
number/,1
cda,1
chiller,1
anneal,1
oven,1
101,1
development.the,1
1.offset,1
apllication,1
ten-year,1
2029,1
stringent,1
tighten,1
2.carbon,1
nonprofit,1
neutral,1
feitsui,1
zhongli,1
bcsd,1
pre-cop,1
zhongsheng,1
communi-,1
carbon-less,1
chiayi,1
yong-an,1
carrefour,1
guilin,1
food_waste,1
taipei-tokyo,1
corpora-,1
welcome,1
non-profit,1
inquire,1
103,1
23calculate,1
▌2025,1
gradual,1
sharp,1
commonly,1
suffer,1
5-year,1
90.3,1
0.35,1
0.42,1
tonnes/m2,1
24.4,1
28.48,1
28.70,1
22.88,1
autonomy,1
▌examples,1
reclaiming,1
we-03b,1
intermitten,1
pneumatic,1
89.8,1
intensity24,1
breakthrough,1
recycled_water,1
000cmd,1
steadily,1
224,1
24the,1
tank3,1
tank2,1
tank1,1
aqk,1
rinse2,1
rinse1,1
hydroxyl,1
radical,1
powerful,1
bacterial,1
decomposition,1
mxing,1
photolithography,1
front,1
fungi,1
breeding,1
71,1
reclaimation,1
activated,1
conductivity,1
9/10,1
filtration,1
anaerobic,1
aerobic,1
sedimentation,1
reverse,1
osmosis,1
500cmd,1
performs,1
hence,1
cleanliness,1
inorganic,1
865cmd,1
315,1
adsorption,1
exchanger,1
permeate,1
anoxic,1
aeration,1
sf-608,1
befor,1
▌4.3.1,1
26calculate,1
1.spt,1
spt,1
pumping,1
1.19,1
15.9,1
2.introduction,1
compressive,1
kinetic,1
try,1
rebuilt,1
on-line,1
unitarea,1
kwh/m2,1
76.5,1
75.5,1
76.1,1
78.5,1
945,1
visualizing,1
quantifying,1
inefﬁcient,1
straightening,1
blind,1
3.introduce,1
high-energy-consuming,1
10kg/cm2,1
kg/cm2,1
3.71,1
4.replace,1
lu-type,1
motor,1
2.98,1
extraction,1
remaining,1
venturi,1
injection,1
64,1
▌4.3.2,1
harmful,1
ammonia,1
molybdenum-removing,1
▌4.3.3,1
flue,1
cems,1
declare,1
vapor,1
perfluorinated,1
pretreated,1
pretreatment,1
scrubbing,1
windmill,1
converter,1
etch.-l,1
drai,1
lorry,1
owwt,1
t801,1
6.5mg/l,1
inflow,1
t－701,1
auto,1
fecl3,1
regenerate,1
-removing,1
agglutination,1
outfall,1
0.4mg/l,1
▌4.3.4,1
alkali,1
015,1
nickel-metal,1
hydride,1
lithium,1
essence,1
basel,1
landﬁlled,1
others27,1
448.33,1
956.89,1
989.43,1
081.08,1
non-hazardous28,1
703.50,1
904.84,1
225.57,1
246.37,1
69,1
151.83,1
861.73,1
215.00,1
327.45,1
89,1
556.01,1
27other,1
non-,1
28domestic,1
manure,1
songjiang,1
2.14,1
1.68,1
1.59,1
106.6,1
110.1,1
110.0,1
89.6,1
112.5,1
landfilled,1
considerable,1
alkalis,1
removing,1
legally,1
forcused,1
joinly,1
smoothness,1
cleanup,1
polyimide,1
contactors,1
hyperlink,1
certificate,1
legality,1
illegality,1
non-original,1
refining,1
112,1
resourcezation,1
treatedby,1
condense,1
calorific,1
destroy,1
oil-absorbing,1
waste-derived,1
rdf-5,1
helpful,1
negotiate,1
fourth,1
creat,1
time.the,1
mono-silicic,1
insect,1
tolerate,1
anti-heavy,1
poisoning,1
anti-ultraviolet,1
contains,1
acidification,1
salination,1
over-cultivation,1
silicone,1
plant-regulation,1
water-soluble,1
calcium,1
phosphate,1
nutrition,1
pre-tech,1
steam,1
rdf5,1
boiler,1
▌4.4.1,1
self-luminous,1
sub-pixel,1
miniaturize,1
broad,1
surpass,1
design.with,1
transpose,1
biomedical,1
sensing,1
concise,1
on-board,1
beneficial,1
pcs,1
12.825,1
11.97,1
pcs29,1
a-b,1
28same,1
29same,1
universal,1
sensitivity,1
thus,1
analog,1
digitally,1
simultaneous,1
patient,1
digitize,1
13485,1
aio,1
one-,1
calibration,1
exterior,1
film-screen,1
dose：100,1
dose：40,1
via,1
synchronized,1
full-color,1
optimistic,1
centralized,1
console,1
30um,1
read,1
self-luminescence,1
thicker,1
inadvertently,1
sacrifice,1
anti-corrosion,1
0.2/0.2mm,1
mass-produce,1
introducedinto,1
penatration,1
slit,1
non-uniform,1
molecule,1
icon,1
penetrationrate*,1
4.39,1
5.08,1
15.7,1
tear,1
fast-response,1
columnar,1
sixth,1
10.7,1
89.3,1
cooperates,1
domain,1
quite,1
inkjet,1
17.3-inch,1
cost-,1
milestone,1
3840,1
2160,1
cd/m2,1
200/350,1
ntsc,1
1，000，000,1
enb,1
adjoinging,1
overly,1
obstruction,1
close-up,1
far-,1
wide-bezel,1
durability,1
glue,1
seam,1
daisy-chain31,1
simultaneously,1
synchronization,1
fault,1
sdm32,1
31daisy-chain,1
32sdm,1
mid-january,1
mfg2.0,1
lcd2.0,1
lcm2.0,1
prodution,1
applicaitonnes,1
corporate_sustainable,1
artificial,1
stirves,1
wood,1
echo,1
extract,1
rod,1
panoramic,1
capture,1
escape,1
intention,1
119,1
▌4.4.2,1
18th,1
downward,1
banner,1
hierarchical,1
hazardoous,1
human-based,1
illuminate,1
diameter,1
high-purity,1
100dppm,1
non-detection,1
low-cadmium,1
100ppm,1
dci_p3,1
ver.17,1
ver.18,1
800m→900ppm,1
renew,1
2ppm→50ppm,1
substitute,1
diphenylamines,1
sdpas,1
bisphenol,1
-dihydroxybenzophenone,1
surfactant,1
self-declare,1
banquet,1
1.35-2.5,1
symposium,1
583,1
toll-free,1
employ-,1
psychology,1
excellent-quality,1
lunch,1
423,1
42.09,1
slovakia.netherlands.germany,1
site.suzhou,1
site.xiamen,1
2.37,1
japan.korea.singapore,1
55.13,1
72.7,1
27.3,1
25.4,1
37.4,1
62.6,1
business_strategy,1
forward-looking,1
ethnic,1
tolerant,1
inter-,1
cohesion,1
▌employee,1
employeegenderratio,1
management3genderratio,1
structuralratio,1
3management,1
employees1,1
employees2,1
605,1
41,1
362,1
508,1
44,1
520,1
759,1
013,1
388,1
1indirect,1
idl,1
2direct,1
▌number,1
625,1
816,1
923,1
984,1
932,1
245,1
961,1
▌age,1
721,1
582,1
546,1
028,1
609,1
895,1
684,1
596,1
957,1
647,1
casual,1
outsourcing,1
disinfection,1
telecommunication,1
air-conditioning,1
dormitory,1
▌hiring,1
99.97,1
76.09,1
88.41,1
93.1,1
14.8,1
85.2,1
20.1,1
79.9,1
23.3,1
76.6,1
20.3,1
79.7,1
18.18,1
81.82,1
fixed-term,1
non-fixed-term,1
▌diversified,1
globe,1
technology_transfer,1
cross-cultural,1
encourages,1
▌development,1
proceed,1
acclimatization,1
suzhou/xiamen/,1
guaranteed,1
▌smart,1
timetable,1
tutor,1
6-month,1
126,1
moment,1
in-service,1
self-development,1
retire,1
depart,1
20194,1
employees5,1
48.3,1
54.5,1
0.6,1
43.6,1
0.7,1
39.6,1
51.7,1
43.1,1
17.4,1
15.5,1
45.2,1
18.7,1
16.9,1
42.9,1
48.1,1
n/a6,1
2.6,1
▌global,1
9.4,1
ntd52,1
4auo,1
adheres,1
▌5.2.1,1
intense,1
roadmaps,1
training_program,1
internal/external,1
executive_committee,1
liberal,1
inthe,1
makeover,1
5-min,1
instilled,1
ai-related,1
harm,1
legacy,1
recharge,1
pride,1
elite,1
▌5.2.2,1
personalized,1
difﬁculty,1
tier,1
eacj,1
employability,1
subodinates,1
33.75,1
424,1
non-csr,1
practice/qualifications,1
exper,1
prompt,1
hearing-impaired,1
visually-impaired,1
accessible,1
famous,1
mandatory,1
wingspan,1
honorable,1
hiring,1
convince,1
workplace/,1
comfortable,1
▌5.3.2,1
rapport,1
club/holiday,1
manila,1
meco,1
arrival,1
mandarin,1
recreational,1
gym,1
ktv,1
grocery,1
prayer,1
a-team,1
tournament,1
taiwan-,1
taiwan-filipino,1
culinar,1
philippines,1
empathy,1
slash,1
feeling,1
auo.,1
showcased,1
gratitude,1
caption,1
sight,1
round,1
applause,1
241,1
683,1
flip,1
4-day,1
mini-,1
diy,1
noon,1
097,1
sessions.v,1
▌5.4.1,1
short-,1
starting,1
knowledge/skills,1
union/club,1
roles7,1
23,1
955,1
038,1
867,1
913,1
748,1
730,1
7disclosed,1
filing,1
kmpg,1
compensation8,1
personnel9,1
1.53,1
1.47,1
1.71,1
n/a10,1
1.49,1
1.74,1
8regular,1
payable,1
9entry,1
ratio11,1
0.99,1
0.84,1
non-managers,1
1.09,1
0.94,1
0.93,1
0.89,1
0.52,1
0.71,1
0.92,1
0.9,1
n/a13,1
vary,1
slightly,1
specialization,1
12this,1
13there,1
14no,1
10not,1
singaporean,1
11where,1
globalized,1
undergo,1
contributes,1
old-age,1
2.56,1
withdrawals/deposits,1
actuary,1
actuarial,1
adequate,1
interval,1
fix,1
opt,1
his/her,1
he/she,1
singapore15,1
7.5~17,1
2.9~17.9,1
5-20,1
1.5~8.9,1
endowment,1
cpf16,1
gesetzliche,1
entenversicherung,1
grv,1
centraal,1
bcheer,1
algemeen,1
pensioenfonds,1
15the,1
separate,1
pre-determined,1
medisave,1
parental,1
nurse,1
military,1
injury/illness,1
fare,1
re-adaptation,1
809,1
535,1
154,1
rate17,1
rate18,1
17formula,1
reinstate,1
18calculation,1
year/actual,1
▌5.4.2,1
sullivan,1
underage,1
undertaken,1
banning,1
coerced,1
human_trafficking,1
regulator,1
humane,1
ways.a,1
moral,1
closure,1
trainee,1
relaxed,1
counselor,1
pre-testing,1
employee_relation,1
coach,1
541,1
079,1
inter-employee,1
entertainment/recreational,1
circumstance,1
child-rearing,1
recreation,1
accommodation,1
engine,1
688,1
condolence,1
wedding,1
515,1
545,1
4-year,1
contemporary,1
feather,1
drum,1
paiwan,1
percussion,1
majia,1
township,1
energetic,1
consisting,1
poetry,1
recital,1
drumming,1
cheng-tsung,1
fan,1
attraction,1
soul,1
reborn,1
artwork,1
an-ting,1
liu,1
ftf,1
pei-chun,1
jhushan,1
townway,1
easter,1
egg,1
sax,1
street,1
finale,1
chih-yuan,1
tai,1
youtubers,1
entertainer,1
humor,1
▌5.4.3,1
softball,1
dodge,1
bubble,1
9-hole,1
pitcher,1
pocket,1
frisbee,1
arcade,1
sporting,1
funrun,1
redeem,1
betting,1
442,1
937,1
flip-think,1
chose,1
lihpao,1
resort,1
warmth,1
memory,1
laughter,1
lens,1
archaeologist,1
popping,1
444,1
friendship,1
musical,1
referral,1
exhibitions,1
merry,1
exhibitor,1
offering,1
coffee,1
feng,1
bell,1
charm,1
middle-east,1
overwhelmingly,1
138,1
▌5.5.1,1
unhealthy,1
straightforward,1
shift-workers,1
281,1
565,1
823,1
therapeutic,1
massage,1
relieve,1
neck,1
shoulder,1
muscle,1
950,1
432,1
over-time,1
medium-risk,1
346,1
222,1
low-risk,1
nur,1
diagnose,1
健康計畫,1
風險管理,1
風險預測,1
環境營造,1
promotional,1
workload,1
violence,1
traffic,1
little,1
beginning,1
beat,1
oral,1
clinic,1
defensive,1
pressure/cholesterol/blood,1
sugar,1
smoking,1
flu,1
vaccination,1
674,1
326,1
coaching,1
226,1
traveler,1
abreast,1
carefully,1
doctor,1
case-by-case,1
suspect,1
cardiovascular,1
disease.,1
re-measurement,1
syndrome,1
motivated,1
lost,1
kilogram,1
exercising,1
140/90,1
busy,1
hurry,1
earlier,1
140,1
▌5.5.2,1
extensively,1
2.0,1
spar,1
winning,1
commend,1
near-misses,1
introduces,1
reduce/prevent,1
case：,1
1.installing,1
male-female,1
adapter,1
deteriorate,1
leak,1
2.bottle,1
bottle,1
accidental,1
1.hazardous,1
tetramethylammonium,1
koh,1
ﬂuid.the,1
wet,1
wto,1
ﬂuid,1
trim,1
stack,1
180-degrees,1
upright,1
loading,1
manually-operated,1
conveyor,1
pipe-and-joint,1
bend,1
point-and-joint,1
tractor,1
agv,1
effort-saver,1
semi-automation,1
3.occupational,1
titioning,1
hot/cold,1
dust-collecting,1
disabling,1
slip,1
34.6,1
19.2,1
15.4,1
inattention,1
peel,1
jump,1
suddenly,1
reveal,1
pin,1
worn,1
corrode,1
bee,1
cases/,1
0.41,1
0.68,1
0.51,1
0.21,1
2.40,1
0.49,1
0.58,1
3.00,1
l3b,1
l3c,1
tainan/kaohsiung,1
a19,1
19not,1
hours/,1
7.83,1
14.70,1
5.02,1
70.13,1
14.64,1
17.76,1
10.79,1
18.75,1
3.82,1
9.40,1
121.63,1
4.08,1
1.95,1
15.37,1
1.48,1
16.24,1
11.23,1
101.38,1
1.the,1
left,1
leg,1
forklift,1
sop,1
2.right,1
caught,1
in-house,1
diagram,1
systemic,1
elbow,1
surgery,1
mouth,1
ear,1
4.accident,1
peeling,1
catch,1
cup,1
intrinsic,1
rate20,1
9.36,1
9.85,1
11.95,1
7.96,1
16.09,1
15.58,1
18.6,1
3.22,1
6.74,1
7.75,1
8.42,1
7.15,1
14.87,1
19.88,1
10.9,1
4.6,1
3.9,1
20the,1
days/total,1
*100,1
maternity,1
expose,1
instrumentation,1
headband,1
bridge,1
nose,1
chin,1
undergone,1
suitability,1
re-examined,1
valid,1
1-year,1
misunderstanding,1
non-related,1
enhancing,1
management-monitoring,1
movements,1
anomalous,1
overstay,1
unauthorized,1
deadline,1
143,1
mobilize,1
self-realization,1
farming,1
670,1
produce21,1
2.93,1
honesty-,1
6.8,1
299,1
21mainly,1
rees,1
5000,1
beneﬁciaries,1
653,1
promise,1
nurture,1
▌volunteer,1
drop-outs,1
tutoring,1
fund-raises,1
institutionalize,1
schooling,1
coastal,1
exploration,1
frontier,1
truth,1
goodness,1
463,1
711,1
plastics-free,1
fulﬁlling,1
390,1
protect_the_environment,1
35.5,1
extra-,1
curricular,1
hands-on,1
problem-solving,1
▌5.6.1,1
land.,1
utilizes,1
233,1
employee/dependent,1
exploratory,1
fifth,1
meaningful,1
interactivity,1
clearer,1
paper,1
certify,1
12th,1
university-industry,1
co-founded,1
compal,1
wistron,1
380,1
business-university,1
usher,1
internet-of-vehicles,1
southern,1
eastern,1
offshore,1
island,1
tertiary,1
inter-disciplinary,1
value-,1
introductory,1
disseminate,1
919,1
metropolitan,1
gomach,1
all-new,1
rethink,1
147,1
▌5.6.2,1
forge,1
douse,1
brave,1
cold,1
morning,1
oxygen-rich,1
scenic,1
almost,1
admire,1
-taichung,1
showcase,1
extra-curricular,1
wonderful,1
stanza,1
▌5.6.3,1
20016,1
disadvantaged/,1
awaken,1
biz,1
purchasing22,1
straight,1
exploitation,1
distributor,1
buy,1
regions/tribal,1
man,1
xinxing,1
douliu,1
pomelo,1
yunlin,1
ruishui,1
wax,1
apple,1
22employees,1
fund-raisers,1
three-way,1
1-day,1
497students,1
attempt,1
11.6,1
yu-de,1
holy,1
baby,1
xinguang,1
hao,1
shen,1
shepherd,1
de-xing,1
shelter/xiao-yang,1
pqwasan,1
tayal,1
nctu,1
sanfu,1
tonglin,1
guangxing,1
tskukuang,1
de-yo,1
raphael,1
taitung,1
kid,1
bookhouse,1
rediscover,1
joy,1
dozen,1
eve,1
550,1
087,1
876,1
266,1
042,1
267,1
717,1
727,1
410.5,1
563,1
410.50,1
251,1
747.00,1
679.00,1
copy,1
hardship,1
neighboring,1
dajia,1
zhenlan,1
canteen,1
top-grafted,1
neighbor,1
gaoyuan,1
209,1
60,1
c.c,1
unused,1
proceeds,1
fuhui,1
hectare,1
paddy,1
eco-rice,1
adopt-a-hectare,1
cook,1
low-income,1
impoverished,1
household,1
tongmei,1
xilu,1
zhaocuo,1
151,1
▌5.6.4,1
fuse,1
nature.auo,1
terrain,1
3rs,1
lightweight,1
steel,1
grate,1
pseudo-woodgrain,1
trestle,1
hollow,1
newspaper,1
cement,1
manifestation,1
existence,1
co-organize,1
vitality,1
tiny,1
thanksgiving,1
closing,1
architect,1
metal-working,1
re-visit,1
door,1
corridor,1
wonder,1
fantasy,1
multi-layered,1
archway,1
spectacular,1
choreograph,1
propagation,1
animal,1
self-powered,1
played,1
dancing,1
augment,1
relic,1
entrance,1
harvest,1
mid-may,1
wine,1
perilla,1
occasion,1
historic,1
minnan,1
guardian,1
documentar,1
coexistence,1
moder,1
ise,1
utilize,1
1.11,1
1.04,1
1.25,1
practicable,1
economic-scale,1
wor,1
king,1
climate_change_policy,1
slow,1
adaption,1
compute,1
statistical,1
gp/,1
moreover,1
motivational,1
gp/carbon-,1
ener,1
majority,1
9-member,1
1.auo,1
fulﬁllment,1
eight,1
delegation,1
sustainable_governance,1
self-discipline,1
1.establish,1
tare,1
self-manufacturing,1
sustainable_growth,1
terminal,1
establishes,1
sur,1
veys,1
deloitte,1
sudden,1
inﬂuences,1
satisﬁed,1
possibly,1
minimized,1
simulated,1
parallel,1
ules,1
quar,1
ter,1
protects,1
1.regular,1
appropriately,1
alternatively,1
london,1
benchmarking,1
1.organization,1
102-1,1
102-2,1
disputable,1
102-3,1
102-4,1
102-5,1
102-6,1
102-7,1
102-8,1
102-9,1
102-10,1
102-11,1
pre-warning,1
102-12,1
appendix_un,1
p.176,1
102-13,1
2.strategy,1
102-14,1
p.6,1
p.7,1
102-15,1
3.integrity,1
102-16,1
102-17,1
102-18,1
102-19,1
102-20,1
a.whether,1
b.whether,1
102-21,1
identity,1
102-22,1
classiﬁcation,1
102-23,1
shuang-lang,1
102-24,1
102-25,1
102-26,1
102-27,1
102-28,1
valuation,1
102-29,1
periodic,1
102-30,1
102-31,1
102-32,1
examined,1
approved,1
sustainability_report,1
102-33,1
102-34,1
102-35,1
102-36,1
102-37,1
102-38,1
102-39,1
5.communication,1
102-40,1
102-41,1
102-42,1
102-43,1
102-44,1
6.report,1
104-45,1
104-46,1
104-47,1
identiﬁed,1
104-48,1
social_responsibility_report,1
102-49,1
102-50,1
102-51,1
102-52,1
102-53,1
102-54,1
thegri,1
104-55,1
p.159,1
104-56,1
guarantee/conﬁrmation,1
162,1
201-1,1
201-2,1
201-3,1
201-4,1
science-based,1
202-1,1
202-2,1
203-1,1
203-2,1
obvious,1
204-1,1
205-1,1
self-evaluation,1
205-2,1
205-3,1
conﬁrmed,1
206,1
anti-competition,1
206-1,1
anti-competitive,1
monopoly,1
301-1,1
301-2,1
301-3,1
302-1,1
302-2,1
302-3,1
302-4,1
302-5,1
165,1
303-1,1
allocate,1
303-2,1
303-3,1
p.104,1
305-1,1
305-2,1
305-3,1
305-4,1
305-5,1
p.96,1
305-6,1
305-7,1
sustainability_materials,1
persistent,1
pop,1
hap,1
estricted,1
166,1
306-1,1
306-2,1
306-3,1
306-4,1
306-5,1
self-discharging,1
basin,1
307-1,1
167,1
308-1,1
308-2,1
401-1,1
resign,1
appendix_annotation,1
p.175,1
401-2,1
full-time,1
part-time,1
401-3,1
p53,1
402-1,1
403-1,1
403-2,1
lose,1
death,1
ofﬁcial,1
sr.,1
403-3,1
occupation,1
403-4,1
404-1,1
404-2,1
404-3,1
405-1,1
405-2,1
increment,1
406-1,1
407-1,1
408-1,1
409-1,1
411-1,1
indigenous,1
412-1,1
412-2,1
412-3,1
therein,1
171,1
414-1,1
414-2,1
public_policy,1
415-1,1
416,1
416-1,1
416-2,1
172,1
417-1,1
attach,1
lead-free,1
qualify,1
iec,1
etl,1
nark,1
417-2,1
417-3,1
418-1,1
419,1
419-1,1
identiﬁes,1
deﬁnes,1
annotation,1
behalf,1
proactively,1
allotment,1
in/out,1
seven-day,1
70,1
february,1
cases/200,1
0.06,1
0.07,1
0.12,1
0.16,1
hours/200,1
1.69,1
2.59,1
5.88,1
0.37,1
feb.,1
175,1
resignation,1
289,1
073,1
705,1
731,1
261,1
rate1,1
8.79,1
2.20,1
4.06,1
1.44,1
2.51,1
2.31,1
9.68,1
1.92,1
0.05,1
1.37,1
19.01,1
4.50,1
8.86,1
3.33,1
4.52,1
3.84,1
3.83,1
0.30,1
7.08,1
34.83,1
13.49,1
3.94,1
12.89,1
18.91,1
773,1
889,1
818,1
899,1
228,1
450,1
749,1
88.2,1
73.8,1
26.2,1
97.8,1
1.7,1
11.8,1
geographic,1
rate2,1
41.90,1
3.40,1
17.94,1
0.31,1
5.06,1
0.66,1
2.34,1
0.79,1
0.01,1
117.90,1
50.36,1
15.16,1
2.41,1
6.30,1
6.77,1
2.33,1
180.09,1
12.40,1
17.32,1
45.16,1
77.48,1
176,1
implied,1
discriminate,1
social_protection,1
p.139,1
p.110,1
lessening,1
p.88,1
p.148,1
p.152,1
p.37,1
p.40,1
5.6.3.charitable,1
disregarding,1
abuse,1
erase,1
discriminatory,1
bear,1
afr,1
altra,1
active-,1
thin-film,1
b2b‧e2e,1
bod,1
biochemical,1
bom,1
cdli,1
cdsb,1
equivilant,1
css,1
eabc,1
bravo,1
ecas,1
eeis,1
eco-efﬁciency,1
goa,1
gps,1
hcc,1
itc,1
iqc,1
icoming,1
mva,1
multi-domain,1
alignment,1
ndc,1
nationally,1
york,1
otp,1
perﬂuorinated,1
restriction_of_hazardous_substance,1
rto,1
sa8000,1
suspended,1
tsec,1
unfccc,1
cross-organization,1
cross-platform,1
reusable,1
disassemble,1
disassembly,1
183,1
1.environmental,1
kpi,1
dashboard,1
detect,1
observing,1
0.0217,1
move-m2,1
eei：0.0193,1
achieved,1
89.5,1
entity/operation,1
quantifica-,1
tcfc,1
3.establish,1
converge,1
managing,1
184,1
7.0,1
2020_5-years,1
1.promote,1
185,1
management-,1
2.promote,1
neglect,1
conveniently,1
light-off,1
lighting,1
warehouse,1
1.6,1
1.9,1
2.27,1
186,1
synchronous,1
ﬁling,1
mistake,1
summarize,1
shortcut,1
radio,1
moderate,1
renewable_energy_certificate,1
activist,1
used,1
52.5mw,1
1.afﬁrmation,1
honorably,1
widely,1
salt-spray,1
afﬁrmed,1
2.strengthen,1
peak,1
practitioner,1
fresh,1
extranet,1
multi-faceted,1
upholds,1
liang,1
chi-yuan,1
nation-wide,1
828,1
ﬁrst-level,1
1.hierarchical,1
2.issue,1
ict,1
non-ﬁnancial,1
responds,1
17th,1
nation_sustainable_development,1
exemplary,1
2.hold,1
eugene,1
chien,1
afﬁrm,1
3.share,1
4.joining,1
furthermore,1
1.reduce,1
invited,1
localization,1
flooding,1
alteration,1
uncertainty,1
alleviate,1
2.facing,1
pragmatically,1
triple-,1
foil,1
single-,1
signiﬁcant,1
denko,1
batch,1
patented,1
reduce_waste_generation,1
chrystal,1
pamel,1
stand-alone,1
192,1
nonscheduled,1
193,1
infotainment,1
reformation,1
proﬁt-making,1
comqi,1
erp,1
speciﬁcally,1
brain,1
possess,1
fashionable,1
full-,1
plane,1
extremely,1
special-shaped,1
cutting,1
ultimate,1
technics,1
higher-quality,1
speciﬁcation,1
electron,1
beam,1
lithography,1
anufacturing,1
semi-,1
semi-reﬂection,1
reﬂection,1
nano-imprint,1
mold,1
contributive,1
tft-,1
tiling,1
full-plane,1
innovative-high-deﬁnition,1
thin-down,1
high-deﬁnition,1
-thin-down,1
innovative-perfect,1
separately,1
complicate,1
overlap,1
hole,1
195,1
cross-departmental,1
1.information,1
2.security,1
ofﬂine,1
reassessment,1
invested,1
ch5.5.2,1
1.safety,1
false,1
patrol,1
warn,1
2.safety,1
promotion-safety,1
easy-to-understand,1
focal,1
sample,1
a-shaped,1
ladder,1
court,1
yard,1
doubt,1
up/down,1
detector,1
ﬁre,1
retrieval,1
broken,1
careful,1
situational,1
197,1
fragmented,1
reproduce,1
structuralize,1
performance-based,1
spot,1
mentality,1
brings,1
actually,1
producer,1
micro-curricular,1
198,1
absolutely,1
race,1
elective,1
lean,1
extra,1
birth,1
relief,1
2-6,1
199,1
rooting,1
1.to,1
pre-employment,1
pre-employmen,1
tripartite,1
really,1
ﬁnancially,1
497,1
high-oxygen,1
football,1
planted,1
seedling,1
corner,1
ﬂowers,1
blooming,1
municipal,1
academy,1
after-school,1
contracted,1
gourmet,1
profound,1
