﻿csr,關聯詞頻
employee,345
supply_chain,343
energy,198
stakeholder,186
risk_management,164
education,144
internal_audit,139
supervisory_board,136
corporate_social_responsibility,122
corporate_governance,108
training_program,103
corporate_sustainability_committee,87
responsible_business_alliance,86
growth_strategy,74
circular_economy,70
material_issue,58
health_and_safety,58
corporate_sustainability,52
climate_change,51
recycle,46
sustainable_development_goal,44
environmental_sustainability,41
human_right,38
inclusive_workplace,36
gender_equality,35
climate,34
management_system,32
welfare,31
carbon_reduction,31
sustainable_development,30
energy_management,30
water_resource,29
shareholder,27
djsi,25
communication_channel,25
green_product,25
environmental_protection,23
competitiveness,23
greenhouse_gas,22
woman,21
energy_conservation,21
management_approach,21
innovative_technology,19
senior_management,18
renewable_energy,18
remuneration,18
leadership,16
energy_consumption,16
iso,15
transportation,14
tcfd,14
talent_development,14
waste_management,14
information_security,14
csr_report,13
recruitment,13
energy_efficiency,13
social_responsibility,12
customer_satisfaction,12
gri_standard,10
csr_performance,10
customer_service,9
water_conservation,8
sbt,7
employee_engagement,7
environmental_impact,7
cop,6
achievement_rate,6
social_impact,6
water_consumption,6
tax,6
internal_control,6
infrastructure,5
environmental_issue,5
sustainable_value,5
risk_assessment,5
discrimination,4
business_continuity,4
cdp,4
disability,4
social_participation,4
climate_action,3
air_pollution,3
compensation_committee,3
life_cycle,3
global_compact,3
parental_leave,2
sustainability_management,2
corporate_value,2
waste_water,2
mental_health,2
sustainable_governance,2
rohs,2
value_creation,1
hazardous_waste,1
ipcc,1
executive_committee,1
employee_care,1
financial_information,1
climate_change,關聯詞頻
risk_management,286
energy,202
employee,142
gri_standard,139
material_issue,135
greenhouse_gas,112
carbon_reduction,105
climate,93
environmental_sustainability,91
energy_conservation,87
corporate_social_responsibility,85
corporate_sustainability_committee,84
supply_chain,83
water_resource,70
recycle,66
tcfd,61
welfare,60
environmental_protection,60
remuneration,59
growth_strategy,57
management_approach,56
training_program,50
renewable_energy,49
stakeholder,48
energy_consumption,48
iso,47
education,44
supervisory_board,44
circular_economy,41
waste_management,33
sustainable_development_goal,31
transportation,29
woman,28
information_security,27
human_right,24
cdp,24
water_consumption,23
water_conservation,20
corporate_governance,18
talent_development,18
energy_management,17
sustainable_development,16
health_and_safety,16
green_product,15
sbt,15
business_continuity,13
climate_action,13
waste_water,13
infrastructure,12
financial_information,11
leadership,10
shareholder,10
tax,10
life_cycle,9
inclusive_workplace,8
green_building,8
risk_assessment,8
air_pollution,7
innovative_technology,7
customer_service,7
internal_audit,7
cop,6
social_participation,6
customer_satisfaction,6
management_system,6
financial_performance,6
responsible_business_alliance,6
achievement_rate,6
pollutant,6
recruitment,6
social_responsibility,5
djsi,5
rohs,5
corporate_sustainability,4
gender_equality,4
competitiveness,4
energy_efficiency,4
disability,4
human_capital,4
employee_engagement,4
csr_report,4
global_compact,4
senior_management,4
anticorruption,4
parental_leave,3
communication_channel,3
discrimination,3
product_development,3
retirement,3
social_impact,2
wastewater_treatment,2
hazardous_waste,2
environmental_issue,1
sustainability_management,1
csr_performance,1
productivity,1
environmental_impact,1
ipcc,1
